Customer Service/Administration 100 % (m/w/d)|/de/job/customer-service-administration-100/7377836/|Lyss|Urech Lyss Versand AG
Bildungsbeauftragte/r 60-70%|/de/job/bildungsbeauftragte/7381144/|Ostermundigen|tilia Stiftung fuer Langzeitpflege
Senior Product Manager (m/w/d)|/de/job/senior-product-manager/7381194/|Burgdorf|Work Selection
Mitarbeiter/-in Buswartung|/de/job/mitarbeiter-buswartung/7381142/|Bern|BERNMOBIL
Teamleader Restaurant &amp; Events (m/w) 100%|/de/job/teamleader-restaurant-events/7178590/|Bern|Restaurant Altes Tramdepot
Erfahrener Mitarbeiter Liegenschaftsdienst 80%|/de/job/erfahrener-mitarbeiter-liegenschaftsdienst/7378991/|Hinterkappelen|H.&amp;U. Bachofner Reinigungen,Hauswartungen
Sachbearbeiter/in Kundendienstberater/in|/de/job/sachbearbeiter-kundendienstberater/7371510/|Hinterkappelen|Automobile Nemeth AG
Projektleiter/in Schreinerei|/de/job/projektleiter-schreinerei/5728313/|Zollikofen|Muesmatt AG
Monteur/in Schreinerei|/de/job/monteur-schreinerei/7249023/|Zollikofen|Muesmatt AG
Sachbearbeiter/in Rechnungswesen 80 - 100%|/de/job/sachbearbeiter-rechnungswesen/7378257/|Raum Bern|OK JOB AG
Kaufmaennische Fachkraft (D/F/E)|/de/job/kaufm%C3%A4nnische-fachkraft/7378256/|Raum Bern|OK JOB AG
Co-Leiter/in des Call-Centers 80-100%|/de/job/leiter-des-call-centers/7378255/|Region Bern|OK JOB AG
Fachexperte/in HR Compensation 100%|/de/job/fachexperte-compensation/7378254/|Region Bern|OK JOB AG
Koch Aushilfe auf Stundenbasis (d/w/m)|/de/job/koch-aushilfe-auf-stundenbasis/7380841/|Region Bern|SV (Schweiz) AG
Betriebsmitarbeiter Allrounder (d/w/m)|/de/job/betriebsmitarbeiter-allrounder/7380835/|Region Bern|SV (Schweiz) AG
Betriebsmitarbeiter Allrounder (d/w/m)|/de/job/betriebsmitarbeiter-allrounder/7380706/|Region Bern|SV (Schweiz) AG
Dachdecker Kanton Bern (m/w/d)|/de/job/dachdecker-kanton-bern/7380376/|Kanton Bern|Work Selection
Seitenwechsel: Einstieg in die SAP-Beratung fuer SAP-Anwender/innen Finanzen oder Controlling (80-100%)|/de/job/seitenwechsel-einstieg-die-sap-beratung-f%C3%BCr-sap-anwender-innen-finanzen-oder-controlling/7380574/|Bern oder Zuerich|NOVO Business Consultants AG
Koch (d/w/m)|/de/job/koch/7380307/|Region Bern|SV (Schweiz) AG
Betriebselektriker (m/w) in Bern|/de/job/betriebselektriker-bern/7380261/|Bern &amp; Region|Kollabo AG
Techniker (d/w/m)|/de/job/techniker/7380211/|Region Bern|SV (Schweiz) AG
Koch (d/w/m)|/de/job/koch/7380210/|Region Bern|SV (Schweiz) AG
Servicemitarbeiter (d/w/m)|/de/job/servicemitarbeiter/7380208/|Region Bern|SV (Schweiz) AG
Assistenzaerztin / Assistenzarzt|/de/job/assistenz%C3%A4rztin-assistenzarzt/7379881/|Bern|Universitaere Psychatrische Dienste Bern (UPD)
Customer Service/Administration 100 % (m/w/d)|/de/job/customer-service-administration-100/7377836/|Lyss|Urech Lyss Versand AG
Bildungsbeauftragte/r 60-70%|/de/job/bildungsbeauftragte/7381144/|Ostermundigen|tilia Stiftung fuer Langzeitpflege
Assistenzaerztin / Assistenzarzt|/de/job/assistenz%C3%A4rztin-assistenzarzt/7379880/|Bern|Universitaere Psychatrische Dienste Bern (UPD)
Jungkoch-/Koechin|/de/job/jungkoch-k%C3%B6chin/7379714/|Region Bern|SV (Schweiz) AG
Servicemitarbeiter/in|/de/job/servicemitarbeiter/7379707/|Region Bern|SV (Schweiz) AG
Koch (d/w/m)|/de/job/koch/7379705/|Region Bern|SV (Schweiz) AG
Koch (d/w/m) Aushilfe im Stundenlohn|/de/job/koch-aushilfe-stundenlohn/7379547/|Region Bern|SV (Schweiz) AG
Betriebsmitarbeiter Front Desk (d/w/m) Aushilfe im Stundenlohn|/de/job/betriebsmitarbeiter-front-desk-aushilfe-stundenlohn/7379519/|Region Bern|SV (Schweiz) AG
Koch (d/w/m)|/de/job/koch/7379513/|Region Bern|SV (Schweiz) AG
Kaufmann/frau im Gesundheitswesen 80%|/de/job/kaufmann-frau-gesundheitswesen/7379415/|Region Bern / Berner Oberland|Joker Personal AG
Microsoft Dynamics Business Central Berater - Bern|/de/job/microsoft-dynamics-business-central-berater-bern/7379476/|Region Bern (BE/FR/SO)|jobs-ms.ch
Dipl. Fachperson in der Langzeitpflege|/de/job/dipl-fachperson-der-langzeitpflege/7379413/|Region Bern / Berner Oberland|Joker Personal AG
Rechnungswesen 60-80%|/de/job/rechnungswesen/7379404/|Region Bern / Berner Oberland|Joker Personal AG
Zimmermann (m/w) 100% temporaer|/de/job/zimmermann-tempor%C3%A4r/7379407/|Region Bern / Berner Oberland|Joker Personal AG
Chef de Service / Shiftleader (d/w/m)|/de/job/chef-service-shiftleader/7379385/|Region Bern|SV (Schweiz) AG
Techniker (d/w/m)|/de/job/techniker/7379359/|Region Bern|SV (Schweiz) AG
Fachingenieur:in Betriebsmittelkonstruktion|/de/job/fachingenieur-betriebsmittelkonstruktion/7379351/|Region Bern Mittelland (BE/SO/AG)|SBB CFF FFS
Leiter Kueche (d/w/m)|/de/job/leiter-k%C3%BCche/7379131/|Region Bern|SV (Schweiz) AG
Microsoft Dynamics 365 BC Developer - Bern|/de/job/microsoft-dynamics-365-developer-bern/7378893/|Region Bern (BE/FR/SO)|jobs-ms.ch
Fachperson Gesundheit interdisziplinaere Station 80-100%|/de/job/fachperson-gesundheit-interdisziplin%C3%A4re-station/7378802/|Region Bern / Berner Oberland|Joker Personal AG
Fachingenieur:in Geomatik|/de/job/fachingenieur-geomatik/7378797/|Region Bern Mittelland (BE/SO/AG)|SBB CFF FFS
FAGE fuer einen temporaeren Einsatz in der Umgebung von Bern gesucht|/de/job/fage-f%C3%BCr-einen-tempor%C3%A4ren-einsatz-der-umgebung-von-bern-gesucht/7378757/|Region Bern / Berner Oberland|Joker Personal AG
Customer Service/Administration 100 % (m/w/d)|/de/job/customer-service-administration-100/7377836/|Lyss|Urech Lyss Versand AG
Projektleiter/in F&amp;E (80-100%)|/de/job/projektleiter/7381158/|Schmitten FR|Pontacol AG
Leiterin / Leiter Koordinationsbereich Hochschulen und Recht, Mitglied Geschaeftsleitung (80-100%)|/de/job/leiterin-leiter-koordinationsbereich-hochschulen-und-recht-mitglied-gesch%C3%A4ftsleitung/7378498/|Bern|EDK
Account Manager/Sales development based Bern or Zurich|/de/job/account-manager-sales-development-based-bern-zurich/7262999/|Bern oder Zuerich|Finders SA
Sachbearbeiter Export 100% (m/w)|/de/job/sachbearbeiter-export/7377882/|Region Bern|Randstad (Schweiz) AG
Sachbearbeiter Innendienst (m/w) 100%|/de/job/sachbearbeiter-innendienst/7377840/|Bern und Umgebung|Randstad (Schweiz) AG
Sachbearbeiter Rechnungswesen (m/w) 100%|/de/job/sachbearbeiter-rechnungswesen/7377859/|Raum Bern|Randstad (Schweiz) AG
Fachperson Gesundheit fuer den Bereich Neurorehabilitation 60-100%|/de/job/fachperson-gesundheit-f%C3%BCr-den-bereich-neurorehabilitation/7380925/|Region Bern|Impirio AG Medical
Leiter Entwicklung und Business Developer m/w|/de/job/leiter-entwicklung-und-business-developer/7378584/|Region Bern|Gatcom
Gesucht: Hautdiagnose-Beraterin im Aussendienst|/de/job/gesucht-hautdiagnose-beraterin-aussendienst/7378272/|Bern/Mittelland|Predige SA
Multimedia-Spezialist:in|/de/job/multimedia-spezialist/7380892/|Bern|Visana Services AG
Leiter Veranstaltungstechnik 80-100% (w/m/d)|/de/job/leiter-veranstaltungstechnik/7380645/|Bern|kohler + partner
IT-Software-Vertreter / IT-Software-Vertreterin|/de/job/software-vertreter-software-vertreterin/7364837/|Bern|Careerplus
Leiterin / Leiter Buchhaltung|/de/job/leiterin-leiter-buchhaltung/7365420/|Bern|Careerplus
Junior Controllerin / Junior Controller|/de/job/junior-controllerin-junior-controller/7366331/|Bern|Careerplus
HR-Generalistin / HR-Generalist|/de/job/generalistin-generalist/7365438/|Bern|Careerplus
Operational Automation Engineer|/de/job/operational-automation-engineer/7379765/|Berne, Neuch-tel|IMA Automation Switzerland SA
Mechanical Engineer &amp; Mechanical Senior Engineer|/de/job/mechanical-engineer-mechanical-senior-engineer/7378395/|Berne, Neuch-tel|IMA Automation Switzerland SA
DIPL. RADIOLOGIEFACHFRAU/-MANN HF/FH - Radio-Onkologie|/de/job/dipl-radiologiefachfrau-mann-radio-onkologie/7379877/|Bern|Lindenhofgruppe
Risk &amp; Compliance Officer Finanzmarktrecht 60 - 100 %|/de/job/risk-compliance-officer-finanzmarktrecht-100/7380587/|Bern|Equilas AG
Assistent*in Leiter Finanzen 50%|/de/job/assistent-leiter-finanzen/7378499/|Bern|r-servesuisse genossenschaft
Mitarbeiter*in Buchhaltung 50-60%|/de/job/mitarbeiter-buchhaltung/7378370/|Bern|r-servesuisse genossenschaft
Microsoft Dynamics 365 BC Developer - Bern|/de/job/microsoft-dynamics-365-developer-bern/7378893/|Region Bern (BE/FR/SO)|jobs-ms.ch
Crew Member (d/w/m)|/de/job/crew-member/7379388/|Bern|SV (Schweiz) AG
Customer Service/Administration 100 % (m/w/d)|/de/job/customer-service-administration-100/7377836/|Lyss|Urech Lyss Versand AG
Mitarbeiterin Back Office 50-80% (m/w)|/de/job/mitarbeiterin-back-office/7381189/|Lyss|Randstad (Schweiz) AG
Sachbearbeiter/in Mitgliederadministration 60 - 80 %|/de/job/sachbearbeiter-mitgliederadministration/7378260/|Stadt Bern|OK JOB AG
HR Generalist (w/m/d) 100%|/de/job/generalist/7377805/|Bern|isolutions AG
Physicien/ne ou ing-nieur/e - 80 - 100 % (poste limit- - deux ans)|/de/job/physicien-ing%C3%A9nieur-100/7379879/|Bern|Eidgenoessisches Institut fuer Metrologie
Physiker/in oder Ingenieur/in (80 - 100 %, befristet auf 2 Jahre)|/de/job/physiker-oder-ingenieur/7379878/|Bern|Eidgenoessisches Institut fuer Metrologie
Hoeherer Sachbearbeiter / Hoehere Sachbearbeiterin QV (80-90%)|/de/job/h%C3%B6herer-sachbearbeiter-h%C3%B6here-sachbearbeiterin/7380756/|Bern|"SDBB | CSFO"
Dipl. Pflegefachfrau/-mann|/de/job/dipl-pflegefachfrau-mann/7379876/|Bern|Lindenhofgruppe
Direktionsassistent/in|/de/job/direktionsassistent/7379872/|Bern|Lindenhofgruppe
HR Fachspezialist/in Zeitwirtschaft|/de/job/fachspezialist-zeitwirtschaft/7379871/|Bern|Lindenhofgruppe
Compliance Officer m/w 80 - 100 %|/de/job/compliance-officer-100/7379853/|Bern|Valiant Bank AG
Mitarbeiter/-in Buswartung|/de/job/mitarbeiter-buswartung/7381142/|Bern|BERNMOBIL
Sachbearbeiter/in Rechnungskontrolle (80 bis 100%)|/de/job/sachbearbeiter-rechnungskontrolle/7380313/|Bern|IV-Stelle Kanton Bern
Restaurationsfachmann- Frau|/de/job/restaurationsfachmann-frau/7379720/|Bern|SV (Schweiz) AG
Koch/Koechin|/de/job/koch-k%C3%B6chin/7379703/|Bern|SV (Schweiz) AG
Crew Member (d/w/m)|/de/job/crew-member/7379388/|Bern|SV (Schweiz) AG
Bauzeichner/in / Zeichner/in EFZ Ingenieurbau|/de/job/bauzeichner-zeichner-efz-ingenieurbau/7377923/|Bern|WAM Planer und Ingenieure AG
Dipl. Pflegefachfrau:mann als Berufsbildner:in|/de/job/dipl-pflegefachfrau-mann-als-berufsbildner/7380752/|Bern|INSELSPITAL
Teamleiter/in|/de/job/teamleiter/7380751/|Bern|Spital Tiefenau
Sachbearbeiter:in Back- und Frontoffice|/de/job/sachbearbeiter-back-und-frontoffice/7378820/|Bern|INSELSPITAL
Assistent:in Klinikdirektor / Teamleitung Administration|/de/job/assistent-klinikdirektor-teamleitung-administration/7378819/|Bern|INSELSPITAL
Stationsleiter:in Pflege|/de/job/stationsleiter-pflege/7378131/|Bern|INSELSPITAL
Schreiner (m/w) in Koeniz|/de/job/schreiner-k%C3%B6niz/7379148/|Koeniz|Kollabo AG
Automation Engineer Projects support|/de/job/automation-engineer-projects-support/7380433/|Bern|Randstad (Schweiz) AG
Customer Service/Administration 100 % (m/w/d)|/de/job/customer-service-administration-100/7377836/|Lyss|Urech Lyss Versand AG
Senior Product Manager (m/w/d)|/de/job/senior-product-manager/7381194/|Burgdorf|Work Selection
Operative/r Einkaeufer/in|/de/job/operative-eink%C3%A4ufer/7379790/|Bern|G&amp;U JOB4YOU GmbH
Senior SAP Process-Engineer mit Schwerpunkt Controlling (m/w)|/de/job/senior-sap-process-engineer-mit-schwerpunkt-controlling/7378214/|Bern 65 SBB|SBB CFF FFS
Laborantin / Laborant|/de/job/laborantin-laborant/7380638/|Bern|Universitaet Bern
Personalassistent*in 70%|/de/job/personalassistent/7380637/|Bern|Universitaet Bern
Open rank professorship in Medical Mechatronics and Surgical Robotics for Neurosurgery|/de/job/open-rank-professorship-medical-mechatronics-and-surgical-robotics-for-neurosurgery/7379874/|Bern|Medizinisches Dekanat Uni. Bern
Wissenschaftliche*r Mitarbeiter*in Sozialpolitik (60-80%)|/de/job/wissenschaftliche-mitarbeiter-sozialpolitik/7378947/|Bern|Move UP
Sachbearbeiter/in Sekretariat 80-100%|/de/job/sachbearbeiter-sekretariat/7378976/|Bern|swiss granum
Java Software Entwickler (w/m)|/de/job/java-software-entwickler/7377897/|Bern|Workmanagement AG
Sachbearbeiter Leistungen ambulant (w/m/d), 80 - 100%, Bern|/de/job/sachbearbeiter-leistungen-ambulant-bern/7380772/|Bern|Sanitas Krankenversicherung
Fitness Instructor Aushilfe (w/m/d)|/de/job/fitness-instructor-aushilfe/7379639/|Bern|movemi AG
Quereinstieg Netzelektriker EFZ (w/m)|/de/job/quereinstieg-netzelektriker-efz/7379838/|Bern|BKW Energie AG
Projektleiter/-in / Angebotsplaner/-in oeV 60 - 100%|/de/job/projektleiter-angebotsplaner/7379428/|Bern|Kanton Bern
Pflegefachperson HF 80%|/de/job/pflegefachperson/7381139/|Region Bern / Berner Oberland|Joker Personal AG
Fachfrau/mann Gesundheit 50-60%|/de/job/fachfrau-mann-gesundheit/7381138/|Region Bern / Berner Oberland|Joker Personal AG
Als Pflegehilfe in der schoenen Stadt Bern arbeiten|/de/job/als-pflegehilfe-der-sch%C3%B6nen-stadt-bern-arbeiten/7381137/|Region Bern / Berner Oberland|Joker Personal AG
Fachperson Gesundheit in der Langzeitpflege 70-100%|/de/job/fachperson-gesundheit-der-langzeitpflege/7381136/|Region Bern / Berner Oberland|Joker Personal AG
Dipl. Pflegefachperson im Seeland|/de/job/dipl-pflegefachperson-seeland/7381135/|Region Bern / Berner Oberland|Joker Personal AG
Pflegefachperson auf einer Demenzabteilung 40-80%|/de/job/pflegefachperson-auf-einer-demenzabteilung/7381134/|Region Bern / Berner Oberland|Joker Personal AG
Temporaerer Einsatz bei der Spitex|/de/job/tempor%C3%A4rer-einsatz-bei-der-spitex/7381132/|Region Bern / Berner Oberland|Joker Personal AG
Fachperson fuer die Pflege und Betreuung 60-100%|/de/job/fachperson-f%C3%BCr-die-pflege-und-betreuung/7381131/|Region Bern / Berner Oberland|Joker Personal AG
Store Manager, Luxusuhren &amp; Schmuck|/de/job/store-manager-luxusuhren-schmuck/7380371/|Bern|Retail Experts
Business Engineer (m/w)|/de/job/business-engineer/7378218/|Bern|SBB CFF FFS
Customer Service/Administration 100 % (m/w/d)|/de/job/customer-service-administration-100/7377836/|Lyss|Urech Lyss Versand AG
Mitarbeiter/-in Buswartung|/de/job/mitarbeiter-buswartung/7381142/|Bern|BERNMOBIL
Nachtwache 30-40% auf einer Wohngruppe|/de/job/nachtwache-auf-einer-wohngruppe/7381130/|Region Bern / Berner Oberland|Joker Personal AG
Temporaere Herausforderung gesucht?|/de/job/tempor%C3%A4re-herausforderung-gesucht/7381129/|Region Bern / Berner Oberland|Joker Personal AG
Dipl. Pflegefachperson HF im Bereich Psychiatrie|/de/job/dipl-pflegefachperson-bereich-psychiatrie/7381128/|Region Bern / Berner Oberland|Joker Personal AG
Tiefprozentig als Pflegehilfe arbeiten|/de/job/tiefprozentig-als-pflegehilfe-arbeiten/7381127/|Region Bern / Berner Oberland|Joker Personal AG
Assistent/in Gesundheit und Soziales fuer die Demenz 60-90%|/de/job/assistent-gesundheit-und-soziales-f%C3%BCr-die-demenz/7381126/|Region Bern / Berner Oberland|Joker Personal AG
Dipl. Pflegefachperson in der Langzeitpflege|/de/job/dipl-pflegefachperson-der-langzeitpflege/7381124/|Region Bern / Berner Oberland|Joker Personal AG
Fachperson Gesundheit 50-60%|/de/job/fachperson-gesundheit/7381123/|Region Bern / Berner Oberland|Joker Personal AG
Temporaer in der Pflege arbeiten|/de/job/tempor%C3%A4r-der-pflege-arbeiten/7381122/|Region Bern / Berner Oberland|Joker Personal AG
Pflegefachperson (FAGE, HF) 50-70%|/de/job/pflegefachperson/7381121/|Region Bern / Berner Oberland|Joker Personal AG
dipl. Pflegefachperson HF 80%|/de/job/dipl-pflegefachperson/7381120/|Region Bern / Berner Oberland|Joker Personal AG
dipl. Pflegefachperson in einer sozialen Institution|/de/job/dipl-pflegefachperson-einer-sozialen-institution/7381119/|Region Bern / Berner Oberland|Joker Personal AG
dipl. Pflegefachperson HF fuer die Spitex gesucht !|/de/job/dipl-pflegefachperson-f%C3%BCr-die-spitex-gesucht/7381118/|Region Bern / Berner Oberland|Joker Personal AG
Dipl. Pflegefachperson 50-100%|/de/job/dipl-pflegefachperson/7381117/|Region Bern / Berner Oberland|Joker Personal AG
Fachfrau/-mann Gesundheit 60-80%|/de/job/fachfrau-mann-gesundheit/7381116/|Region Bern / Berner Oberland|Joker Personal AG
Pflegefachperson fuer den Nachtdienst 50%|/de/job/pflegefachperson-f%C3%BCr-den-nachtdienst/7381115/|Region Bern / Berner Oberland|Joker Personal AG
Als FaGe bei der Spitex 20-80%|/de/job/als-fage-bei-der-spitex/7381114/|Region Bern / Berner Oberland|Joker Personal AG
Leiter/in Pflegewohngruppen 80-100%|/de/job/leiter-pflegewohngruppen/7381113/|Region Bern / Berner Oberland|Joker Personal AG
FAGE oder dipl. Pflegefachperson HF in der Langzeitpflege|/de/job/fage-oder-dipl-pflegefachperson-der-langzeitpflege/7381110/|Region Bern / Berner Oberland|Joker Personal AG
FAGE in der Psychiatrie|/de/job/fage-der-psychiatrie/7381109/|Region Bern / Berner Oberland|Joker Personal AG
dipl. Physiotherapeut/in|/de/job/dipl-physiotherapeut/7381107/|Region Bern / Berner Oberland|Joker Personal AG
Elektroingenieur:in Netzbetrieb Bahnstrom|/de/job/elektroingenieur-netzbetrieb-bahnstrom/7379341/|Zollikofen|SBB CFF FFS
Mitarbeiterin Back Office 50-80% (m/w)|/de/job/mitarbeiterin-back-office/7381189/|Lyss|Randstad (Schweiz) AG
Customer Service/Administration 100 % (m/w/d)|/de/job/customer-service-administration-100/7377836/|Lyss|Urech Lyss Versand AG
Bildungsbeauftragte/r 60-70%|/de/job/bildungsbeauftragte/7381144/|Ostermundigen|tilia Stiftung fuer Langzeitpflege
Franzoesisch sprechende FAGE|/de/job/franz%C3%B6sisch-sprechende-fage/7381106/|Region Bern / Berner Oberland|Joker Personal AG
Dipl. Pflegefachperson HF auf der chirurgischen Abteilung 60-100%|/de/job/dipl-pflegefachperson-auf-der-chirurgischen-abteilung/7381105/|Region Bern / Berner Oberland|Joker Personal AG
FAGE oder dipl. Pflegefachperson HF auf einer Demenzabteilung|/de/job/fage-oder-dipl-pflegefachperson-auf-einer-demenzabteilung/7381104/|Region Bern / Berner Oberland|Joker Personal AG
Pflegedienstleiter/in|/de/job/pflegedienstleiter/7381102/|Region Bern / Berner Oberland|Joker Personal AG
Pflegefachperson als Berufsbildner/in mit Tagesverantwortung gesucht|/de/job/pflegefachperson-als-berufsbildner-mit-tagesverantwortung-gesucht/7381101/|Region Bern / Berner Oberland|Joker Personal AG
Experte Notfallpflege (w/m)|/de/job/experte-notfallpflege/7381100/|Region Bern / Berner Oberland|Joker Personal AG
AGS oder FAGE fuer einen befristeten Einsatz gesucht|/de/job/ags-oder-fage-f%C3%BCr-einen-befristeten-einsatz-gesucht/7381099/|Region Bern / Berner Oberland|Joker Personal AG
FAGE auf einer medizinischen Abteilung|/de/job/fage-auf-einer-medizinischen-abteilung/7381097/|Region Bern / Berner Oberland|Joker Personal AG
Assistent/in Gesundheit und Soziales fuer einen temporaeren Einsatz|/de/job/assistent-gesundheit-und-soziales-f%C3%BCr-einen-tempor%C3%A4ren-einsatz/7381096/|Region Bern / Berner Oberland|Joker Personal AG
Fachfrau/mann Gesundheit 80%|/de/job/fachfrau-mann-gesundheit/7381095/|Region Bern / Berner Oberland|Joker Personal AG
dipl. Pflegefachfrau/mann HF als Wohngruppenleitung|/de/job/dipl-pflegefachfrau-mann-als-wohngruppenleitung/7381094/|Region Bern / Berner Oberland|Joker Personal AG
FAGE mit Spital Erfahrung gesucht!|/de/job/fage-mit-spital-erfahrung-gesucht/7381093/|Region Bern / Berner Oberland|Joker Personal AG
Dipl. Pflegefachperson im psychiatrischen Bereich|/de/job/dipl-pflegefachperson-psychiatrischen-bereich/7381092/|Region Bern / Berner Oberland|Joker Personal AG
Dipl. Pflegefachperson HF in der schoenen Stadt Bern 50-100%|/de/job/dipl-pflegefachperson-der-sch%C3%B6nen-stadt-bern/7381091/|Region Bern / Berner Oberland|Joker Personal AG
FAGE in der Psychiatrie|/de/job/fage-der-psychiatrie/7381090/|Region Bern / Berner Oberland|Joker Personal AG
dipl. Pflegefachperson fuer die Suchttherapie 80-100%|/de/job/dipl-pflegefachperson-f%C3%BCr-die-suchttherapie/7381089/|Region Bern / Berner Oberland|Joker Personal AG
Stv. Stationsleitung in einer Psychiatrie|/de/job/stv-stationsleitung-einer-psychiatrie/7381088/|Region Bern / Berner Oberland|Joker Personal AG
Haben Sie ein Herz fuer demenzerkrankte Menschen?|/de/job/haben-sie-ein-herz-f%C3%BCr-demenzerkrankte-menschen/7381087/|Region Bern / Berner Oberland|Joker Personal AG
Das Nachtwacheteam braucht Ihre Unterstuetzung!|/de/job/das-nachtwacheteam-braucht-ihre-unterst%C3%BCtzung/7381086/|Region Bern / Berner Oberland|Joker Personal AG
Teamleiter/in Pflege im schoenen Seeland|/de/job/teamleiter-pflege-sch%C3%B6nen-seeland/7381085/|Region Bern / Berner Oberland|Joker Personal AG
Dachdecker (100%)|/de/job/dachdecker/7381004/|Burgdorf|Kollabo AG
Gesucht: Elektroinstallateur in Burgdorf|/de/job/gesucht-elektroinstallateur-burgdorf/7380964/|Burgdorf|Kollabo AG
Customer Service/Administration 100 % (m/w/d)|/de/job/customer-service-administration-100/7377836/|Lyss|Urech Lyss Versand AG
Projektleiter/in F&amp;E (80-100%)|/de/job/projektleiter/7381158/|Schmitten FR|Pontacol AG
Temporaer als Pflegehelfer/in oder Fachfrau/mann Gesundheit 80-100%|/de/job/tempor%C3%A4r-als-pflegehelfer-oder-fachfrau-mann-gesundheit/7381084/|Region Bern / Berner Oberland|Joker Personal AG
Moechten Sie als Dipl. Pflegefachperson durchstarten?|/de/job/m%C3%B6chten-sie-als-dipl-pflegefachperson-durchstarten/7381083/|Region Bern / Berner Oberland|Joker Personal AG
Zuverlaessige FAGE fuer einen temporaeren Einsatz im Juni|/de/job/zuverl%C3%A4ssige-fage-f%C3%BCr-einen-tempor%C3%A4ren-einsatz-juni/7381082/|Region Bern / Berner Oberland|Joker Personal AG
Als dipl. Pflegefachperson im Parkinson Bereich arbeiten|/de/job/als-dipl-pflegefachperson-parkinson-bereich-arbeiten/7381081/|Region Bern / Berner Oberland|Joker Personal AG
Dipl. Pflegefachperson waehrend der Nacht im Spital|/de/job/dipl-pflegefachperson-w%C3%A4hrend-der-nacht-spital/7381080/|Region Bern / Berner Oberland|Joker Personal AG
Fachperson Gesundheit EFZ 60-100%|/de/job/fachperson-gesundheit-efz/7381078/|Region Bern / Berner Oberland|Joker Personal AG
dipl. Pflegefachperson HF als Nachtwache 20%|/de/job/dipl-pflegefachperson-als-nachtwache/7381077/|Region Bern / Berner Oberland|Joker Personal AG
FAGE Demenz 40-100%|/de/job/fage-demenz/7381075/|Region Bern / Berner Oberland|Joker Personal AG
Fachfrau/mann Gesundheit 50-70%|/de/job/fachfrau-mann-gesundheit/7381074/|Region Bern / Berner Oberland|Joker Personal AG
Pflegehelfer/in oder Pflegeassistent/in (AGS) in einem Altersheim|/de/job/pflegehelfer-oder-pflegeassistent-einem-altersheim/7381073/|Region Bern / Berner Oberland|Joker Personal AG
Wohnbereichsleitung 90-100%|/de/job/wohnbereichsleitung/7381072/|Region Bern / Berner Oberland|Joker Personal AG
FAGE in einem Langzeitpflegebetrieb|/de/job/fage-einem-langzeitpflegebetrieb/7381071/|Region Bern / Berner Oberland|Joker Personal AG
Pflegefachperson in der Nachtwache mit Option auf Leitung Nachtwache|/de/job/pflegefachperson-der-nachtwache-mit-option-auf-leitung-nachtwache/7381069/|Region Bern / Berner Oberland|Joker Personal AG
Temporaerer Einsatz als FAGE in Biel|/de/job/tempor%C3%A4rer-einsatz-als-fage-biel/7381068/|Region Bern / Berner Oberland|Joker Personal AG
Dipl. Pflegefachperson 60-100%|/de/job/dipl-pflegefachperson/7381067/|Region Bern / Berner Oberland|Joker Personal AG
Dipl. Pflegefachfrau/-mann 40-80% mit Humor gesucht|/de/job/dipl-pflegefachfrau-mann-mit-humor-gesucht/7381066/|Region Bern / Berner Oberland|Joker Personal AG
Pflegen in laendlicher Umgebung 100%|/de/job/pflegen-l%C3%A4ndlicher-umgebung/7381065/|Region Bern / Berner Oberland|Joker Personal AG
FAGE oder dipl. Pflegefachperson in einer sozialen Institution|/de/job/fage-oder-dipl-pflegefachperson-einer-sozialen-institution/7381063/|Region Bern / Berner Oberland|Joker Personal AG
Temporaer in der Langzeitpflege|/de/job/tempor%C3%A4r-der-langzeitpflege/7381062/|Region Bern / Berner Oberland|Joker Personal AG
dipl. Pflegefachperson HF als Case Manager/in|/de/job/dipl-pflegefachperson-als-case-manager/7381061/|Region Bern / Berner Oberland|Joker Personal AG
Anlagen- und Apparatebauer (w/m) 100%|/de/job/anlagen-und-apparatebauer/7380224/|Burgdorf|Randstad (Schweiz) AG
Gebaeudetechnikplaner (w/m) 100%|/de/job/geb%C3%A4udetechnikplaner/7379568/|Burgdorf|Randstad (Schweiz) AG
Customer Service/Administration 100 % (m/w/d)|/de/job/customer-service-administration-100/7377836/|Lyss|Urech Lyss Versand AG
Mitarbeiterin Back Office 50-80% (m/w)|/de/job/mitarbeiterin-back-office/7381189/|Lyss|Randstad (Schweiz) AG
FAGE oder dipl. Pflegefachperson 30-50%|/de/job/fage-oder-dipl-pflegefachperson/7381059/|Region Bern / Berner Oberland|Joker Personal AG
Dipl. Pflegefachperson auf einer medizinischen Abteilung 80-100%|/de/job/dipl-pflegefachperson-auf-einer-medizinischen-abteilung/7381058/|Region Bern / Berner Oberland|Joker Personal AG
Dipl. Radiologiefachperson 60-100%|/de/job/dipl-radiologiefachperson/7381057/|Region Bern / Berner Oberland|Joker Personal AG
Motiviert fuer eine neue Herausforderung in einem modernen Betrieb?|/de/job/motiviert-f%C3%BCr-eine-neue-herausforderung-einem-modernen-betrieb/7381055/|Region Bern / Berner Oberland|Joker Personal AG
Als dipl. Pflegefachperson auf einer chirurgischen Abteilung arbeiten|/de/job/als-dipl-pflegefachperson-auf-einer-chirurgischen-abteilung-arbeiten/7381054/|Region Bern / Berner Oberland|Joker Personal AG
Dipl. Pflegefachperson Herz/Thorax/Viszeral 60-100%|/de/job/dipl-pflegefachperson-herz-thorax-viszeral/7381051/|Region Bern / Berner Oberland|Joker Personal AG
Mitarbeiter/in Pflege und Betreuung 60-80%|/de/job/mitarbeiter-pflege-und-betreuung/7381050/|Region Bern / Berner Oberland|Joker Personal AG
Fachfrau/-mann Gesundheit|/de/job/fachfrau-mann-gesundheit/7381049/|Region Bern / Berner Oberland|Joker Personal AG
Experte Anaesthesiepflege (m/w) 60-100%|/de/job/experte-an%C3%A4sthesiepflege/7381048/|Region Bern / Berner Oberland|Joker Personal AG
Humorvolle FAGE 60-80%|/de/job/humorvolle-fage/7381047/|Region Bern / Berner Oberland|Joker Personal AG
Fuer die Akutgeriatrie suchen wir eine dipl. Pflegefachperson HF|/de/job/f%C3%BCr-die-akutgeriatrie-suchen-wir-eine-dipl-pflegefachperson/7381045/|Region Bern / Berner Oberland|Joker Personal AG
Dipl. Pflegefachperson HF mit einem Herz fuer betagte Menschen|/de/job/dipl-pflegefachperson-mit-einem-herz-f%C3%BCr-betagte-menschen/7381043/|Region Bern / Berner Oberland|Joker Personal AG
Stellvertretende Teamleitung 70-90%|/de/job/stellvertretende-teamleitung/7381042/|Region Bern / Berner Oberland|Joker Personal AG
Dipl. Pflegefachperson HF fuer den Tagdienst|/de/job/dipl-pflegefachperson-f%C3%BCr-den-tagdienst/7381041/|Region Bern / Berner Oberland|Joker Personal AG
Temporaerer Einsatz als dipl. Pflegefachperson HF auf der Orthopaedie|/de/job/tempor%C3%A4rer-einsatz-als-dipl-pflegefachperson-auf-der-orthop%C3%A4die/7381040/|Region Bern / Berner Oberland|Joker Personal AG
Moechten Sie in ein familiaeres Arbeitsumfeld arbeiten?|/de/job/m%C3%B6chten-sie-ein-famili%C3%A4res-arbeitsumfeld-arbeiten/7381039/|Region Bern / Berner Oberland|Joker Personal AG
Temporaer als FABE mit Leidenschaft 60-80%|/de/job/tempor%C3%A4r-als-fabe-mit-leidenschaft/7381038/|Region Bern / Berner Oberland|Joker Personal AG
Stv. PDL im Langzeitbereich gesucht|/de/job/stv-pdl-langzeitbereich-gesucht/7381035/|Region Bern / Berner Oberland|Joker Personal AG
Dipl. Pflegefachperson HF 80%|/de/job/dipl-pflegefachperson/7381034/|Region Bern / Berner Oberland|Joker Personal AG
FAGE oder dipl. Pflegefachperson in der Dauernachtwache|/de/job/fage-oder-dipl-pflegefachperson-der-dauernachtwache/7381033/|Region Bern / Berner Oberland|Joker Personal AG
CNC- Mechaniker|/de/job/cnc-mechaniker/7379060/|Burgdorf|Randstad (Schweiz) AG
Schreiner / Tischler (100%)|/de/job/schreiner-tischler/7378985/|Burgdorf|Kollabo AG
Customer Service/Administration 100 % (m/w/d)|/de/job/customer-service-administration-100/7377836/|Lyss|Urech Lyss Versand AG
Senior Product Manager (m/w/d)|/de/job/senior-product-manager/7381194/|Burgdorf|Work Selection
Feste Anstellung als FaGe ohne geteilte Dienste in Bern!|/de/job/feste-anstellung-als-fage-ohne-geteilte-dienste-bern/7381032/|Region Bern / Berner Oberland|Joker Personal AG
Pflegeperle fuer die Nachtwache in der Langzeitpflege|/de/job/pflegeperle-f%C3%BCr-die-nachtwache-der-langzeitpflege/7381031/|Region Bern / Berner Oberland|Joker Personal AG
Fachverantwortliche/n Pflege im Akutbereich 80-100%|/de/job/fachverantwortliche-pflege-akutbereich/7381030/|Region Bern / Berner Oberland|Joker Personal AG
Dipl. Pflegefachperson in einer Klinik 80-100%|/de/job/dipl-pflegefachperson-einer-klinik/7381029/|Region Bern / Berner Oberland|Joker Personal AG
Assistent/in Gesundheit und Soziales mit Demenz Erfahrung gesucht!|/de/job/assistent-gesundheit-und-soziales-mit-demenz-erfahrung-gesucht/7381028/|Region Bern / Berner Oberland|Joker Personal AG
Stationsleiter/in gesucht|/de/job/stationsleiter-gesucht/7381027/|Region Bern / Berner Oberland|Joker Personal AG
FAGE oder dipl. Pflegefachfrau/mann HF in einem Alters- und Pflegeheim|/de/job/fage-oder-dipl-pflegefachfrau-mann-einem-alters-und-pflegeheim/7381026/|Region Bern / Berner Oberland|Joker Personal AG
Dipl. Pflegefachperson in der Akutpflege 60-100%|/de/job/dipl-pflegefachperson-der-akutpflege/7381025/|Region Bern / Berner Oberland|Joker Personal AG
FAGE oder dipl. Pflegefachfrau/mann HF in einem Alters- und Pflegeheim|/de/job/fage-oder-dipl-pflegefachfrau-mann-einem-alters-und-pflegeheim/7381024/|Region Bern / Berner Oberland|Joker Personal AG
Pflegefachperson 50-100% gesucht|/de/job/pflegefachperson-gesucht/7381023/|Region Bern / Berner Oberland|Joker Personal AG
Temporaer in einem Alters- und Pflegeheim in Bern arbeiten|/de/job/tempor%C3%A4r-einem-alters-und-pflegeheim-bern-arbeiten/7381022/|Region Bern / Berner Oberland|Joker Personal AG
AGS oder FAGE fuer einen befristeten Einsatz waehrend der Nacht|/de/job/ags-oder-fage-f%C3%BCr-einen-befristeten-einsatz-w%C3%A4hrend-der-nacht/7381021/|Region Bern / Berner Oberland|Joker Personal AG
Perle fuer die Aktivierung gesucht!|/de/job/perle-f%C3%BCr-die-aktivierung-gesucht/7381020/|Region Bern / Berner Oberland|Joker Personal AG
Dipl. Pflegefachperson HF als Stv. Wohnbereichleitung im schoenen Bern|/de/job/dipl-pflegefachperson-als-stv-wohnbereichleitung-sch%C3%B6nen-bern/7381019/|Region Bern / Berner Oberland|Joker Personal AG
Engel der Nacht|/de/job/engel-der-nacht/7381017/|Region Bern / Berner Oberland|Joker Personal AG
Temporaer durch den Sommer|/de/job/tempor%C3%A4r-durch-den-sommer/7381016/|Region Bern / Berner Oberland|Joker Personal AG
Dipl. Radiologiefachperson HF|/de/job/dipl-radiologiefachperson/7381015/|Region Bern / Berner Oberland|Joker Personal AG
Dipl. Pflegefachfrau/-mann mit einem Herz fuer Senion/innen 50-100%|/de/job/dipl-pflegefachfrau-mann-mit-einem-herz-f%C3%BCr-senion-innen/7381014/|Region Bern / Berner Oberland|Joker Personal AG
dipl. Pflegefachperson HF|/de/job/dipl-pflegefachperson/7381013/|Region Bern / Berner Oberland|Joker Personal AG
dipl. Pflegefachperson HF als Berufsbildner/in 60-100%|/de/job/dipl-pflegefachperson-als-berufsbildner/7381010/|Region Bern / Berner Oberland|Joker Personal AG
Betriebsmechaniker (m/w) 100%|/de/job/betriebsmechaniker/7380215/|Region Burgdorf|Randstad (Schweiz) AG
Dachdecker Kanton Bern (m/w/d)|/de/job/dachdecker-kanton-bern/7380376/|Kanton Bern|Work Selection
Customer Service/Administration 100 % (m/w/d)|/de/job/customer-service-administration-100/7377836/|Lyss|Urech Lyss Versand AG
Mitarbeiter/-in Buswartung|/de/job/mitarbeiter-buswartung/7381142/|Bern|BERNMOBIL
Teamleitung Pflege im Spital|/de/job/teamleitung-pflege-spital/7381007/|Region Bern / Berner Oberland|Joker Personal AG
Kaufmann/frau|/de/job/kaufmann-frau/7380989/|Region Bern / Berner Oberland|Joker Personal AG
Baumaschinist im Kanton Bern (m/w/d)|/de/job/baumaschinist-kanton-bern/7380380/|Kanton Bern|Work Selection
Dipl. Pflegefachfrau / Dipl. Pflegefachmann 60 - 100%|/de/job/dipl-pflegefachfrau-dipl-pflegefachmann/6994713/|Grossraum Bern|Careerplus
Diplomierte Pflegefachperson oder FaGe mit Stellvertretungsfunktion / 80-100%|/de/job/diplomierte-pflegefachperson-oder-fage-mit-stellvertretungsfunktion/7298707/|Grossraum Bern|Careerplus
Fachfrau / Fachmann Gesundheit oder Dipl. Pflegefachfrau / Dipl. Pflegefachmann 60 - 100% - Berufsbildner|/de/job/fachfrau-fachmann-gesundheit-oder-dipl-pflegefachfrau-dipl-pflegefachmann-berufsbildner/7371165/|Bern|Careerplus
Kaufmann/frau Rentenleistung 80-100%|/de/job/kaufmann-frau-rentenleistung/7379500/|Region Bern / Berner Oberland|Joker Personal AG
Projektleiter/in 80-100%|/de/job/projektleiter/7379482/|Region Bern / Berner Oberland|Joker Personal AG
Kaufmann/frau in einem Notariat|/de/job/kaufmann-frau-einem-notariat/7379480/|Region Bern / Berner Oberland|Joker Personal AG
Assistent/in Gesundheit und Soziales 50-80%|/de/job/assistent-gesundheit-und-soziales/7379289/|Region Bern / Berner Oberland|Joker Personal AG
Stv. Teamleitung 70-100%|/de/job/stv-teamleitung/7379284/|Region Bern / Berner Oberland|Joker Personal AG
Neue Herausforderung als RAI-Supervisor/in|/de/job/neue-herausforderung-als-rai-supervisor/7379282/|Region Bern / Berner Oberland|Joker Personal AG
FAGE als Nachtwache 50%|/de/job/fage-als-nachtwache/7379277/|Region Bern / Berner Oberland|Joker Personal AG
Fachverantwortliche/r Pflege|/de/job/fachverantwortliche-pflege/7379271/|Region Bern / Berner Oberland|Joker Personal AG
Kauffrau/mann im Immobilienbereich 80-100%|/de/job/kauffrau-mann-immobilienbereich/7379270/|Region Bern / Berner Oberland|Joker Personal AG
Bauleiter (m/w) 80-100% gesucht|/de/job/bauleiter-gesucht/7379261/|Region Bern / Berner Oberland|Joker Personal AG
Chefmonteur/in Bereich Sanitaer 100%|/de/job/chefmonteur-bereich-sanit%C3%A4r/7379254/|Region Bern / Berner Oberland|Joker Personal AG
Immobilienbewirtschafter/in mit eidg. FA 80-100%|/de/job/immobilienbewirtschafter-mit-eidg/7379221/|Region Bern / Berner Oberland|Joker Personal AG
Immobilienbewirtschafter/in 80-100%|/de/job/immobilienbewirtschafter/7379209/|Region Bern / Berner Oberland|Joker Personal AG
Zeichner/-in EFZ fuer die Kalkulation 100%|/de/job/zeichner-efz-f%C3%BCr-die-kalkulation/7379194/|Region Bern / Berner Oberland|Joker Personal AG
Betriebselektriker (m/w) in Bern|/de/job/betriebselektriker-bern/7380261/|Bern &amp; Region|Kollabo AG
Servicemitarbeiter (d/w/m)|/de/job/servicemitarbeiter/7380208/|Region Bern|SV (Schweiz) AG
Customer Service/Administration 100 % (m/w/d)|/de/job/customer-service-administration-100/7377836/|Lyss|Urech Lyss Versand AG
Bildungsbeauftragte/r 60-70%|/de/job/bildungsbeauftragte/7381144/|Ostermundigen|tilia Stiftung fuer Langzeitpflege
Disponent/in 100%|/de/job/disponent/7379177/|Region Bern / Berner Oberland|Joker Personal AG
Logistikleiter/in 100%|/de/job/logistikleiter/7379171/|Region Bern / Berner Oberland|Joker Personal AG
Aufgestellte Personalberaterin (m/w) 100% gesucht|/de/job/aufgestellte-personalberaterin-gesucht/7378793/|Region Bern / Berner Oberland|Joker Personal AG
Kundencenter Berater/in 60-100%|/de/job/kundencenter-berater/7378790/|Region Bern / Berner Oberland|Joker Personal AG
Projektleiter/in Holzbau 80-100%|/de/job/projektleiter-holzbau/7378789/|Region Bern / Berner Oberland|Joker Personal AG
Dringend Mitarbeiter in der Pflege gesucht|/de/job/dringend-mitarbeiter-der-pflege-gesucht/7378788/|Region Bern / Berner Oberland|Joker Personal AG
FAGE als Nachtwache (temporaer)|/de/job/fage-als-nachtwache/7378786/|Region Bern / Berner Oberland|Joker Personal AG
Pflegetalent gesucht!|/de/job/pflegetalent-gesucht/7378783/|Region Bern / Berner Oberland|Joker Personal AG
Berufsbildner/in fuer die Lernenden|/de/job/berufsbildner-f%C3%BCr-die-lernenden/7378782/|Region Bern / Berner Oberland|Joker Personal AG
Chauffeur Kat. C/E (m/w) 100%|/de/job/chauffeur-kat/7378781/|Region Bern / Berner Oberland|Joker Personal AG
FaBe Mia / FaGe gesucht|/de/job/fabe-mia-fage-gesucht/7378779/|Region Bern / Berner Oberland|Joker Personal AG
Eine liebevolle FAGE fuer alle Dienste gesucht!|/de/job/eine-liebevolle-fage-f%C3%BCr-alle-dienste-gesucht/7378776/|Region Bern / Berner Oberland|Joker Personal AG
Aufgestellte Personalberaterin (m/w) 100% gesucht|/de/job/aufgestellte-personalberaterin-gesucht/7378772/|Region Bern / Berner Oberland|Joker Personal AG
Personalsachbearbeiterin / Personalsachbearbeiter|/de/job/personalsachbearbeiterin-personalsachbearbeiter/7378762/|Bern|Careerplus
Schreiner / Kuechenmonteur (m/w)|/de/job/schreiner-k%C3%BCchenmonteur/7378759/|Region Bern / Berner Oberland|Joker Personal AG
CNC-Maschinist/in 100%|/de/job/cnc-maschinist/7378758/|Region Bern / Berner Oberland|Joker Personal AG
Architekt (m/w) 80-100%|/de/job/architekt/7378756/|Region Bern / Berner Oberland|Joker Personal AG
Schreiner Werkstatt (m/w) 100%|/de/job/schreiner-werkstatt/7378755/|Region Bern / Berner Oberland|Joker Personal AG
Zeichner/in Fachrichtung Architektur temporaer 100%|/de/job/zeichner-fachrichtung-architektur-tempor%C3%A4r/7378753/|Region Bern / Berner Oberland|Joker Personal AG
Schreiner/in Bereich Kuechenbau 100%|/de/job/schreiner-bereich-k%C3%BCchenbau/7378752/|Region Bern / Berner Oberland|Joker Personal AG
Zimmermann (m/w) 100% temporaer|/de/job/zimmermann-tempor%C3%A4r/7379407/|Region Bern / Berner Oberland|Joker Personal AG
Chef de Service / Shiftleader (d/w/m)|/de/job/chef-service-shiftleader/7379385/|Region Bern|SV (Schweiz) AG
Customer Service/Administration 100 % (m/w/d)|/de/job/customer-service-administration-100/7377836/|Lyss|Urech Lyss Versand AG
MitarbeiterIn Customer Service / Export (80-100%)|/de/job/mitarbeiter-customer-service-export/7381141/|Schmitten FR|Pontacol AG
Zimmermaenner EFZ temporaer 100% gesucht|/de/job/zimmerm%C3%A4nner-efz-tempor%C3%A4r-gesucht/7378751/|Region Bern / Berner Oberland|Joker Personal AG
Hilfsarbeiter Halbtageweise|/de/job/hilfsarbeiter-halbtageweise/7378750/|Stadt Zuerich / Zuerichsee / Region Rapperswil/March|Joker Personal AG
Zimmermann/frau in der Montage 100%|/de/job/zimmermann-frau-der-montage/7378749/|Region Bern / Berner Oberland|Joker Personal AG
Zimmermann Bereich Steildach (m/w) 100%|/de/job/zimmermann-bereich-steildach/7378746/|Region Bern / Berner Oberland|Joker Personal AG
Zimmermann (m/w) 100% gesucht|/de/job/zimmermann-gesucht/7378744/|Region Bern / Berner Oberland|Joker Personal AG
Holzprofi als Saeger/in gesucht 100%|/de/job/holzprofi-als-s%C3%A4ger-gesucht/7378742/|Region Bern / Berner Oberland|Joker Personal AG
Boden- Parkettleger/in EFZ 100%|/de/job/boden-parkettleger-efz/7378741/|Region Bern / Berner Oberland|Joker Personal AG
Zimmermann / Zimmerin EFZ 100%|/de/job/zimmermann-zimmerin-efz/7378740/|Region Bern / Berner Oberland|Joker Personal AG
Spengler/in 100%|/de/job/spengler/7378739/|Region Bern / Berner Oberland|Joker Personal AG
Berater/in Bereich Kueche 100%|/de/job/berater-bereich-k%C3%BCche/7378738/|Region Bern / Berner Oberland|Joker Personal AG
Vorarbeiter/in im Holzbau 100%|/de/job/vorarbeiter-holzbau/7378737/|Region Bern / Berner Oberland|Joker Personal AG
Zimmermann EFZ 100%|/de/job/zimmermann-efz/7378736/|Region Bern / Berner Oberland|Joker Personal AG
Bauleiter/in mit guter Berufserfahrung gesucht 100%|/de/job/bauleiter-mit-guter-berufserfahrung-gesucht/7378733/|Region Bern / Berner Oberland|Joker Personal AG
Kundenberater/in Bereich Holzbau 100%|/de/job/kundenberater-bereich-holzbau/7378732/|Region Bern / Berner Oberland|Joker Personal AG
Holzbau Techniker/in 100%|/de/job/holzbau-techniker/7378731/|Region Bern / Berner Oberland|Joker Personal AG
Fachperson Gesundheit 50-60%|/de/job/fachperson-gesundheit/7378083/|Region Bern / Berner Oberland|Joker Personal AG
Dipl. Pflegefachperson gesucht|/de/job/dipl-pflegefachperson-gesucht/7378082/|Region Bern / Berner Oberland|Joker Personal AG
Dipl. Pflegefachperson fuer die Erstabklaerungen bei der Spitex|/de/job/dipl-pflegefachperson-f%C3%BCr-die-erstabkl%C3%A4rungen-bei-der-spitex/7378080/|Region Bern / Berner Oberland|Joker Personal AG
Wir suchen dringend Ihre Unterstuetzung.|/de/job/wir-suchen-dringend-ihre-unterst%C3%BCtzung/7378079/|Region Bern / Berner Oberland|Joker Personal AG
Dipl. Pflegefachperle gesucht|/de/job/dipl-pflegefachperle-gesucht/7378078/|Region Bern / Berner Oberland|Joker Personal AG
Fachingenieur:in Betriebsmittelkonstruktion|/de/job/fachingenieur-betriebsmittelkonstruktion/7379351/|Region Bern Mittelland (BE/SO/AG)|SBB CFF FFS
Microsoft Dynamics 365 BC Developer - Bern|/de/job/microsoft-dynamics-365-developer-bern/7378893/|Region Bern (BE/FR/SO)|jobs-ms.ch
Customer Service/Administration 100 % (m/w/d)|/de/job/customer-service-administration-100/7377836/|Lyss|Urech Lyss Versand AG
Mitarbeiterin Back Office 50-80% (m/w)|/de/job/mitarbeiterin-back-office/7381189/|Lyss|Randstad (Schweiz) AG
Wir suchen genau Sie!|/de/job/wir-suchen-genau-sie/7378074/|Region Bern / Berner Oberland|Joker Personal AG
Als Berufsbildner/in eine neue Herausforderung starten|/de/job/als-berufsbildner-eine-neue-herausforderung-starten/7378073/|Region Bern / Berner Oberland|Joker Personal AG
Leidenschaftlich im Einsatz fuer aelteren Menschen|/de/job/leidenschaftlich-einsatz-f%C3%BCr-%C3%A4lteren-menschen/7378072/|Region Bern / Berner Oberland|Joker Personal AG
Wir suchen eine verantwortungsbewusste Person als Abteilungsleitung|/de/job/wir-suchen-eine-verantwortungsbewusste-person-als-abteilungsleitung/7378071/|Region Bern / Berner Oberland|Joker Personal AG
Interesse an einer temporaeren Anstellung im Langzeitbereich?|/de/job/interesse-einer-tempor%C3%A4ren-anstellung-langzeitbereich/7378070/|Region Bern / Berner Oberland|Joker Personal AG
FAGE fuer das Demenzzentrum 60-80%|/de/job/fage-f%C3%BCr-das-demenzzentrum/7378069/|Region Bern / Berner Oberland|Joker Personal AG
Temporaer als FAGE oder dipl. Pflegefachperson HF|/de/job/tempor%C3%A4r-als-fage-oder-dipl-pflegefachperson/7378067/|Region Bern / Berner Oberland|Joker Personal AG
FABE aus Leidenschaft?|/de/job/fabe-aus-leidenschaft/7378065/|Region Bern / Berner Oberland|Joker Personal AG
Werden Sie nachtaktiv!|/de/job/werden-sie-nachtaktiv/7378060/|Region Bern / Berner Oberland|Joker Personal AG
Pflegefachperson fuer in der Psychiatrie gesucht|/de/job/pflegefachperson-f%C3%BCr-der-psychiatrie-gesucht/7378058/|Region Bern / Berner Oberland|Joker Personal AG
Ihre neue Traumstelle wartet auf Sie!|/de/job/ihre-neue-traumstelle-wartet-auf-sie/7378056/|Region Bern / Berner Oberland|Joker Personal AG
Als AGS in der Langzeitpflege taetig sein 80-90%|/de/job/als-ags-der-langzeitpflege-t%C3%A4tig-sein/7378053/|Region Bern / Berner Oberland|Joker Personal AG
Mit Joker als Physiotherapeut/in durchstarten|/de/job/mit-joker-als-physiotherapeut-durchstarten/7378052/|Region Bern / Berner Oberland|Joker Personal AG
Carrosseriespengler/in 100%|/de/job/carrosseriespengler/7378051/|Region Bern / Berner Oberland|Joker Personal AG
FAGE temporaer im schoenen Bern|/de/job/fage-tempor%C3%A4r-sch%C3%B6nen-bern/7378048/|Region Bern / Berner Oberland|Joker Personal AG
Ist die Akutpflege genau Ihr Gebiet?|/de/job/ist-die-akutpflege-genau-ihr-gebiet/7378047/|Region Bern / Berner Oberland|Joker Personal AG
IT-Projektleiter, 80 - 100%|/de/job/projektleiter/7378044/|Bern|Careerplus
Ihre Erfahrung in der Langzeitpflege ist gefragt|/de/job/ihre-erfahrung-der-langzeitpflege-ist-gefragt/7378043/|Region Bern / Berner Oberland|Joker Personal AG
Packen Sie an|/de/job/packen-sie/7378042/|Region Bern / Berner Oberland|Joker Personal AG
Dipl. Pflegefachperson gesucht|/de/job/dipl-pflegefachperson-gesucht/7378040/|Region Bern / Berner Oberland|Joker Personal AG
Crew Member (d/w/m)|/de/job/crew-member/7379388/|Bern|SV (Schweiz) AG
Schreiner (m/w) in Koeniz|/de/job/schreiner-k%C3%B6niz/7379148/|Koeniz|Kollabo AG
Customer Service/Administration 100 % (m/w/d)|/de/job/customer-service-administration-100/7377836/|Lyss|Urech Lyss Versand AG
Senior Product Manager (m/w/d)|/de/job/senior-product-manager/7381194/|Burgdorf|Work Selection
Wir suchen Sie!|/de/job/wir-suchen-sie/7378038/|Region Bern / Berner Oberland|Joker Personal AG
Suchen Sie Ihren Traumjob in der Langzeitpflege?|/de/job/suchen-sie-ihren-traumjob-der-langzeitpflege/7378037/|Region Bern / Berner Oberland|Joker Personal AG
Fachperson Gesundheit EFZ 60-100%|/de/job/fachperson-gesundheit-efz/7378036/|Region Bern / Berner Oberland|Joker Personal AG
Pflegefachperson als Berufsbildner/in mit Tagesverantwortung gesucht|/de/job/pflegefachperson-als-berufsbildner-mit-tagesverantwortung-gesucht/7378035/|Region Bern / Berner Oberland|Joker Personal AG
Langzeitpflege mit Leidenschaft|/de/job/langzeitpflege-mit-leidenschaft/7378034/|Region Bern / Berner Oberland|Joker Personal AG
Dipl. Pflegefachperson mit Zusatzausbildung|/de/job/dipl-pflegefachperson-mit-zusatzausbildung/7378032/|Region Bern / Berner Oberland|Joker Personal AG
Schaetzen Sie die Arbeit mit aelteren Menschen?|/de/job/sch%C3%A4tzen-sie-die-arbeit-mit-%C3%A4lteren-menschen/7378031/|Region Bern / Berner Oberland|Joker Personal AG
FAGE oder FABE auf einer Seniorenwohngruppe|/de/job/fage-oder-fabe-auf-einer-seniorenwohngruppe/7378030/|Region Bern / Berner Oberland|Joker Personal AG
dipl. Pflegefachperson HF fuer die Spitex|/de/job/dipl-pflegefachperson-f%C3%BCr-die-spitex/7378028/|Region Bern / Berner Oberland|Joker Personal AG
Fachfrau/-mann Gesundheit 70-100%|/de/job/fachfrau-mann-gesundheit/7378026/|Region Bern / Berner Oberland|Joker Personal AG
Pflegefachpersonen 40-100% im schoenen Bern|/de/job/pflegefachpersonen-sch%C3%B6nen-bern/7378025/|Region Bern / Berner Oberland|Joker Personal AG
Fuer die Auszubildenden|/de/job/f%C3%BCr-die-auszubildenden/7378021/|Region Bern / Berner Oberland|Joker Personal AG
FAGE bei der Spitex 40-90%|/de/job/fage-bei-der-spitex/7378020/|Region Bern / Berner Oberland|Joker Personal AG
Unterstuetzen Sie das Pflegepersonal|/de/job/unterst%C3%BCtzen-sie-das-pflegepersonal/7378018/|Region Bern / Berner Oberland|Joker Personal AG
Sind Sie die neue Wohngruppenleitung?|/de/job/sind-sie-die-neue-wohngruppenleitung/7378017/|Region Bern / Berner Oberland|Joker Personal AG
dipl. Pflegefachperson HF mit Schwerpunkt Psychiatrie fuer die Spitex|/de/job/dipl-pflegefachperson-mit-schwerpunkt-psychiatrie-f%C3%BCr-die-spitex/7378015/|Region Bern / Berner Oberland|Joker Personal AG
Wir suchen eine helfende Hand|/de/job/wir-suchen-eine-helfende-hand/7378012/|Region Bern / Berner Oberland|Joker Personal AG
Leitung Technik (m/w) 80-100%|/de/job/leitung-technik/7378010/|Region Bern / Berner Oberland|Joker Personal AG
Fahrzeugschlosser 100% gesucht|/de/job/fahrzeugschlosser-gesucht/7378009/|Region Bern / Berner Oberland|Joker Personal AG
FAGE mit Herz fuer aelteren Menschen|/de/job/fage-mit-herz-f%C3%BCr-%C3%A4lteren-menschen/7378006/|Region Bern / Berner Oberland|Joker Personal AG
Automation Engineer Projects support|/de/job/automation-engineer-projects-support/7380433/|Bern|Randstad (Schweiz) AG
Store Manager, Luxusuhren &amp; Schmuck|/de/job/store-manager-luxusuhren-schmuck/7380371/|Bern|Retail Experts
Customer Service/Administration 100 % (m/w/d)|/de/job/customer-service-administration-100/7377836/|Lyss|Urech Lyss Versand AG
Mitarbeiter/-in Buswartung|/de/job/mitarbeiter-buswartung/7381142/|Bern|BERNMOBIL
Heimleitung in laendlicher Umgebung|/de/job/heimleitung-l%C3%A4ndlicher-umgebung/7378005/|Region Bern / Berner Oberland|Joker Personal AG
Wir suchen genau Sie!|/de/job/wir-suchen-genau-sie/7378002/|Region Bern / Berner Oberland|Joker Personal AG
Dipl. Sozialpaedagoge/in 80%|/de/job/dipl-sozialp%C3%A4dagoge/7378001/|Region Bern / Berner Oberland|Joker Personal AG
Industrielackierer/in mit EFZ 100%|/de/job/industrielackierer-mit-efz/7378000/|Region Bern / Berner Oberland|Joker Personal AG
Temporaer-Einsatz als FaGe|/de/job/tempor%C3%A4r-einsatz-als-fage/7377999/|Region Bern / Berner Oberland|Joker Personal AG
Landmaschinenmechaniker (m/w) 80-100%|/de/job/landmaschinenmechaniker/7377997/|Region Bern / Berner Oberland|Joker Personal AG
FaGe fuer den Nachtdienst gesucht|/de/job/fage-f%C3%BCr-den-nachtdienst-gesucht/7377994/|Region Bern / Berner Oberland|Joker Personal AG
Suchen Sie Ihren Traumjob? Bei uns werden Sie fuendig!|/de/job/suchen-sie-ihren-traumjob-bei-uns-werden-sie-f%C3%BCndig/7377992/|Region Bern / Berner Oberland|Joker Personal AG
AGS mit Berufserfahrung gesucht|/de/job/ags-mit-berufserfahrung-gesucht/7377991/|Region Bern / Berner Oberland|Joker Personal AG
FAGE mit Leidenschaft gesucht|/de/job/fage-mit-leidenschaft-gesucht/7377989/|Region Bern / Berner Oberland|Joker Personal AG
FAGE 80%|/de/job/fage/7377988/|Region Bern / Berner Oberland|Joker Personal AG
AGS fuer die Langzeitpflege gesucht|/de/job/ags-f%C3%BCr-die-langzeitpflege-gesucht/7377987/|Region Bern / Berner Oberland|Joker Personal AG
Helfende Hand dringend gesucht|/de/job/helfende-hand-dringend-gesucht/7377985/|Region Bern / Berner Oberland|Joker Personal AG
HR Business 100% gesucht|/de/job/business-gesucht/7377983/|Region Bern / Berner Oberland|Joker Personal AG
FABE mit Zusatzfunktion als Berufsbildner gesucht|/de/job/fabe-mit-zusatzfunktion-als-berufsbildner-gesucht/7377981/|Region Bern / Berner Oberland|Joker Personal AG
Schlaegt Ihr Herz fuer die Langzeitpflege?|/de/job/schl%C3%A4gt-ihr-herz-f%C3%BCr-die-langzeitpflege/7377980/|Region Bern / Berner Oberland|Joker Personal AG
AGS oder FAGE temporaer 70-100%|/de/job/ags-oder-fage-tempor%C3%A4r/7377979/|Region Bern / Berner Oberland|Joker Personal AG
Fachperson Gesundheit 80-100%|/de/job/fachperson-gesundheit/7377978/|Region Bern / Berner Oberland|Joker Personal AG
Pflegetalent gesucht!|/de/job/pflegetalent-gesucht/7377977/|Region Bern / Berner Oberland|Joker Personal AG
Sind Sie FAGE und motiviert? Dann melden Sie sich bei uns!|/de/job/sind-sie-fage-und-motiviert-dann-melden-sie-sich-bei-uns/7377976/|Region Bern / Berner Oberland|Joker Personal AG
Business Engineer (m/w)|/de/job/business-engineer/7378218/|Bern|SBB CFF FFS
Elektroinstallateur, Automatiker, Automatikmonteur (m/w/d)|/de/job/elektroinstallateur-automatiker-automatikmonteur/7378210/|Bern|Kollabo AG
Customer Service/Administration 100 % (m/w/d)|/de/job/customer-service-administration-100/7377836/|Lyss|Urech Lyss Versand AG
Bildungsbeauftragte/r 60-70%|/de/job/bildungsbeauftragte/7381144/|Ostermundigen|tilia Stiftung fuer Langzeitpflege
FAGE mit Herz gesucht|/de/job/fage-mit-herz-gesucht/7377975/|Region Bern / Berner Oberland|Joker Personal AG
Motivierte Med. Praxisassistenten/in 100% gesucht|/de/job/motivierte-med-praxisassistenten-gesucht/7377974/|Region Bern / Berner Oberland|Joker Personal AG
Konstrukteur/in 100% gesucht|/de/job/konstrukteur-gesucht/7377954/|Region Bern / Berner Oberland|Joker Personal AG
Architekt/in in der Projektleitung 60-100%|/de/job/architekt-der-projektleitung/7377945/|Region Bern / Berner Oberland|Joker Personal AG
Buchhalter (m/w) 70%|/de/job/buchhalter/7377757/|Region Bern|Randstad (Schweiz) AG
Research Secretary (40-50%)|/de/job/research-secretary/7378508/|Bern|Lungenliga Schweiz
Service-Mitarbeiter*in|/de/job/service-mitarbeiter/7310174/|Bern|Tierpark-Restaurant Daehlhoelzli
Teamleitung 70-100% (Arbeitszeiten Montag - Freitag)|/de/job/teamleitung/7380927/|Stadt Bern|Impirio AG Medical
ICT Architekt/in Senior mit Fachrichtung ICT-Infrastruktur|/de/job/ict-architekt-senior-mit-fachrichtung-ict-infrastruktur/7379922/|Bern|Schweizer Armee - Fuehrungsunterstuetzungsbasis FUB
dipl. Sozialarbeiter*in|/de/job/dipl-sozialarbeiter/7380768/|Bern|Stadt Bern
Gaertner*in / Totengraeber*in|/de/job/g%C3%A4rtner-totengr%C3%A4ber/7379817/|Bern|Stadt Bern
Detailhandelsfachmann (-frau) Store Bern 80-100%|/de/job/detailhandelsfachmann-store-bern/7377852/|Bern|11teamsports CH GmbH
Senior Marktmanager:in|/de/job/senior-marktmanager/7379919/|Bern|PostFinance
Projektportfoliomanager/in Senior (Teilprojektleiter/in Bauten im Projekt Mitholz)|/de/job/projektportfoliomanager-senior/7379928/|Bern|armasuisse ar
Techniker*in HLKS|/de/job/techniker-hlks/7378848/|Bern|Bouygues Energies &amp; Services Schweiz AG
Zeichner:in Fachrichtung Architektur (80-100%)|/de/job/zeichner-fachrichtung-architektur/7380919/|Bern|GIM Architekten AG
Empfangssekretaer:innen (60 % und 40 %) mit gegenseitiger Ferienstellvertretung zu 100 % (waehrend 5 bis 7 Wochen pro Jahr)|/de/job/empfangssekret%C3%A4r-innen-mit-gegenseitiger-ferienstellvertretung-100/7379036/|Bern|Bernische Pensionskasse (BPK)
Quality Assurance Manager (F/M) 40 to 60% MedTech|/de/job/quality-assurance-manager-medtech/7378200/|Bern|BoSonic AG
Bauzeichner Fachrichtung Ingenieurbau (w/m)|/de/job/bauzeichner-fachrichtung-ingenieurbau/7380725/|Bern|BKW Energie AG
Data Engineer &amp; Data Scientist (w/m)|/de/job/data-engineer-data-scientist/7380721/|Bern|BKW Energie AG
Elektroingenieur:in Netzbetrieb Bahnstrom|/de/job/elektroingenieur-netzbetrieb-bahnstrom/7379341/|Zollikofen|SBB CFF FFS
Mitarbeiterin Back Office 50-80% (m/w)|/de/job/mitarbeiterin-back-office/7381189/|Lyss|Randstad (Schweiz) AG
Customer Service/Administration 100 % (m/w/d)|/de/job/customer-service-administration-100/7377836/|Lyss|Urech Lyss Versand AG
Projektleiter/in F&amp;E (80-100%)|/de/job/projektleiter/7381158/|Schmitten FR|Pontacol AG
Dipl. Pflegefachfrau/-mann als Dauernachtwache|/de/job/dipl-pflegefachfrau-mann-als-dauernachtwache/7379875/|Bern|Lindenhofgruppe
Dipl. Radiologiefachfrau/-mann|/de/job/dipl-radiologiefachfrau-mann/7379873/|Bern|Lindenhofgruppe
RestaurantleiterIn (alle)|/de/job/restaurantleiter/7380608/|Bern|Ristorante Pi- Kornhaus
RestaurantleiterIn (alle)|/de/job/restaurantleiter/7380607/|Bern|Ristorante Pi- Kornhaus
Fachangestellte*r Fremdenpolizei|/de/job/fachangestellte-fremdenpolizei/7380290/|Bern|Stadt Bern
Teamleiter Kundenbegleitung (w/m)|/de/job/teamleiter-kundenbegleitung/7379899/|Bern|Schweizerische Suedostbahn AG
Privatkundenberater/in Basis, Bern (80-100%)|/de/job/privatkundenberater-basis-bern/7379891/|Bern|UBS AG
Sales Manager|/de/job/sales-manager/7379687/|Bern|Justicia SA
Team-Mitarbeiter Service w/m 100%|/de/job/team-mitarbeiter-service/7378193/|Bern|Restaurant toi et moi
Sachbearbeiter*in im Bereich Seefracht|/de/job/sachbearbeiter-bereich-seefracht/7378503/|Bern|Rhenus Alpina AG
HR Fachperson 80 -100%|/de/job/fachperson/7380615/|Wabern|Stiftung Baechtelen
Fachfrau / Fachmann HLKS Technik und Sicherheit 80-100%|/de/job/fachfrau-fachmann-hlks-technik-und-sicherheit/7379888/|Bern|Klinik Beau-Site
Technical Software Consultant (m/w/d)|/de/job/technical-software-consultant/7378876/|Bern|RUBICON IT Schweiz AG
Sachbearbeiter:in Leistungen ambulant|/de/job/sachbearbeiter-leistungen-ambulant/7380896/|Bern|Visana Services AG
Pharma-Assistent (w/m)|/de/job/pharma-assistent/7379635/|Bern|Coop Vitality AG
Mitarbeiter*in Pikettzentrale|/de/job/mitarbeiter-pikettzentrale/7378871/|Bern|Presto AG
Apotheker als Stv. Geschaeftsfuehrer (w/m)|/de/job/apotheker-als-stv-gesch%C3%A4ftsf%C3%BChrer/7378145/|Bern|Coop Vitality AG
Monteure fuer Haushaltsgeraete (2)|/de/job/monteure-f%C3%BCr-haushaltsger%C3%A4te/7378250/|Liebefeld|Wyser AG
Beraterin / Berater 100%, Berufseinstieg nach Studium|/de/job/beraterin-berater-berufseinstieg-nach-studium/7381200/|Bern|Careerplus
Spezialisierte:r Sachbearbeiter:in Praesidialsekretariat 60%|/de/job/spezialisierte-sachbearbeiter-pr%C3%A4sidialsekretariat/7380635/|Bern|Unia Zentralsekretariat Bern
Senior Product Manager (m/w/d)|/de/job/senior-product-manager/7381194/|Burgdorf|Work Selection
Dachdecker (100%)|/de/job/dachdecker/7381004/|Burgdorf|Kollabo AG
Customer Service/Administration 100 % (m/w/d)|/de/job/customer-service-administration-100/7377836/|Lyss|Urech Lyss Versand AG
Mitarbeiterin Back Office 50-80% (m/w)|/de/job/mitarbeiterin-back-office/7381189/|Lyss|Randstad (Schweiz) AG
Leiter/-in Immobilien / Geschaeftsfuehrung Berimag AG (a) (80-100%)|/de/job/leiter-immobilien-gesch%C3%A4ftsf%C3%BChrung-berimag/7380743/|Liebefeld|Berner Kantonalbank AG
Mitarbeiterin / Mitarbeiter Administration Bildung|/de/job/mitarbeiterin-mitarbeiter-administration-bildung/7379626/|Wabern|Schweizerisches Rotes Kreuz SRK
Kuechen- und Badmonteur (w/m) 100%|/de/job/k%C3%BCchen-und-badmonteur/7378385/|Wabern|IDEA KUECHEN AG
Maurer (m/w)|/de/job/maurer/7380457/|Koeniz|Kollabo AG
Schreiner (m/w) in Koeniz|/de/job/schreiner-k%C3%B6niz/7379148/|Koeniz|Kollabo AG
Leiter/in Gruppe Sozialarbeit (80 ? 100%)|/de/job/leiter-gruppe-sozialarbeit/7377918/|Koeniz|Gemeinde Koeniz
Monteur/in 80 - 100 % (a)|/de/job/monteur-100/7162825/|Koeniz|Haag-Streit AG
Logistiker/in EFZ 100%|/de/job/logistiker-efz/7378258/|Bern|OK JOB AG
Dipl. Sozialarbeiter:in ODER Case Manager:in|/de/job/dipl-sozialarbeiter-oder-case-manager/7378132/|Bern|Spital Tiefenau
Treuhandfachperson 40 - 60%|/de/job/treuhandfachperson/7378537/|Bern|Bommer + Partner Treuhandgesellschaft
Sr Engineer CSV|/de/job/engineer-csv/7380596/|Bern|Randstad (Schweiz) AG
Automation Engineer Projects support|/de/job/automation-engineer-projects-support/7380433/|Bern|Randstad (Schweiz) AG
Quality System Specialist|/de/job/quality-system-specialist/7380450/|Bern|Randstad (Schweiz) AG
Process Engineer _Projects Support|/de/job/process-engineer-_projects-support/7380549/|Bern|Randstad (Schweiz) AG
Store Manager, Luxusuhren &amp; Schmuck|/de/job/store-manager-luxusuhren-schmuck/7380371/|Bern|Retail Experts
Jira Platform Engineer (m/w)|/de/job/jira-platform-engineer/7380308/|Bern|SBB CFF FFS
Projektleiter:in Junior im Rollmaterial-Projektmanagement|/de/job/projektleiter-junior-rollmaterial-projektmanagement/7379935/|Bern|SBB CFF FFS
SAP Logistik Inhouse Consultant (m/w)|/de/job/sap-logistik-inhouse-consultant/7379602/|Bern|BROMsolutions AG Biel
Produktionsleiter (d/w/m)|/de/job/produktionsleiter/7379555/|Bern|SV (Schweiz) AG
HR-Assistentin (m/w) 100%|/de/job/assistentin/7378437/|Bern|Dialog Personal AG
Gesucht: Elektroinstallateur in Burgdorf|/de/job/gesucht-elektroinstallateur-burgdorf/7380964/|Burgdorf|Kollabo AG
Anlagen- und Apparatebauer (w/m) 100%|/de/job/anlagen-und-apparatebauer/7380224/|Burgdorf|Randstad (Schweiz) AG
Customer Service/Administration 100 % (m/w/d)|/de/job/customer-service-administration-100/7377836/|Lyss|Urech Lyss Versand AG
Senior Product Manager (m/w/d)|/de/job/senior-product-manager/7381194/|Burgdorf|Work Selection
Scrum Master (m/w)|/de/job/scrum-master/7378431/|Bern|SBB CFF FFS
Business Engineer (m/w)|/de/job/business-engineer/7378218/|Bern|SBB CFF FFS
Elektroinstallateur, Automatiker, Automatikmonteur (m/w/d)|/de/job/elektroinstallateur-automatiker-automatikmonteur/7378210/|Bern|Kollabo AG
Kundendiensttechniker*in|/de/job/kundendiensttechniker/7378117/|Bern|Gilgen Door Systems AG
Neuanlagenmonteur*in, Installationstechniker*in automatische Tueranlagen|/de/job/neuanlagenmonteur-installationstechniker-automatische-t%C3%BCranlagen/7378115/|Bern|Gilgen Door Systems AG
Neuanlagenmonteur*in, Installationstechniker*in automatische Tueranlagen|/de/job/neuanlagenmonteur-installationstechniker-automatische-t%C3%BCranlagen/7378114/|Bern|Gilgen Door Systems AG
Praktikant HR (w/m) 100%|/de/job/praktikant/7377880/|Bern|Randstad (Schweiz) AG
Softwareentwickler*in SAP|/de/job/softwareentwickler-sap/7380769/|Bern|Stadt Bern
Mitarbeiter/in Administration, Verkauf und Buchhaltung (Kreditoren) 40 - 50%|/de/job/mitarbeiter-administration-verkauf-und-buchhaltung/7380934/|Liebefeld|Lettra Design Werbetechnik AG
Responsable eHealth Suisse|/de/job/responsable-ehealth-suisse/7379952/|Koeniz-Liebefeld|Office f-d-ral de la sant- publique OFSP
Collaborateur/trice scientifique Affaires politiques|/de/job/collaborateur-trice-scientifique-affaires-politiques/7379951/|Koeniz-Liebefeld|Office f-d-ral de la sant- publique OFSP
Collaborateur/trice sp-cialis-/e en versement des salaires|/de/job/collaborateur-trice-sp%C3%A9cialis%C3%A9-versement-des-salaires/7379950/|Koeniz-Liebefeld|Office f-d-ral de la sant- publique OFSP
Bern: Fachperson Gesundheit als Nachtwache 60-100%|/de/job/bern-fachperson-gesundheit-als-nachtwache/7380924/|Bern|Impirio AG Medical
Bern: Pflegehilfe 60% -100% ab sofort gesucht|/de/job/bern-pflegehilfe-sofort-gesucht/7380921/|Bern|Impirio AG Medical
Automatikmonteur/in Handabteilung|/de/job/automatikmonteur-handabteilung/7380600/|Bern|Asetronics AG
Leiter Logistik|/de/job/leiter-logistik/7378952/|Bern|Urs Ledermann &amp; Partner AG, Bern
Controller und Projektleiter|/de/job/controller-und-projektleiter/7378951/|Bern|Urs Ledermann &amp; Partner AG, Bern
Sachbearbeiter/in Buchhaltung/Personal/AVOR (Pensum 80 - 100%)|/de/job/sachbearbeiter-buchhaltung-personal-avor/7378410/|Bern|A. Blatter AG
Operativen Einkaeufer (m/w)|/de/job/operativen-eink%C3%A4ufer/7377825/|Bern|OPUS Personal AG, Bern
Bildungsbeauftragte/r 60-70%|/de/job/bildungsbeauftragte/7381144/|Ostermundigen|tilia Stiftung fuer Langzeitpflege
Gebaeudetechnikplaner (w/m) 100%|/de/job/geb%C3%A4udetechnikplaner/7379568/|Burgdorf|Randstad (Schweiz) AG
CNC- Mechaniker|/de/job/cnc-mechaniker/7379060/|Burgdorf|Randstad (Schweiz) AG
Customer Service/Administration 100 % (m/w/d)|/de/job/customer-service-administration-100/7377836/|Lyss|Urech Lyss Versand AG
Mitarbeiter/-in Buswartung|/de/job/mitarbeiter-buswartung/7381142/|Bern|BERNMOBIL
Projektleiter Heizung (w/m)|/de/job/projektleiter-heizung/7379884/|Ostermundigen|Guggisberg Kurz AG
Fullstack-Entwickler:in|/de/job/fullstack-entwickler/7380897/|Bern|Visana Services AG
Temporaere:r Mitarbeiter:in In-/Exkasso|/de/job/tempor%C3%A4re-mitarbeiter-exkasso/7380894/|Bern|Visana Services AG
Jurist:in Unfallschadenbearbeitung UVG|/de/job/jurist-unfallschadenbearbeitung-uvg/7380890/|Bern|Visana Services AG
Schmuckverkaeufer/in 80-100%|/de/job/schmuckverk%C3%A4ufer/7380773/|Bern|Thomas Sabo GmbH
Dipl. Pflegefachfrau/Pflegefachmann 40-80%|/de/job/dipl-pflegefachfrau-pflegefachmann/7379886/|Bern|Klinik Permanence
Wissenschaftliche*r Mitarbeiter*in Sozialpolitik (60-80%)|/de/job/wissenschaftliche-mitarbeiter-sozialpolitik/7379762/|Bern|Move UP SA
IT Supporter/System Administrator (77602)|/de/job/supporter-system-administrator/7379631/|Bern|IQ Plus AG
Scientist BioProcess Development|/de/job/scientist-bioprocess-development/7379620/|Bern|Swisslinx
Psychotherapeut/in Blended Care Region Bern 50-100% (a)|/de/job/psychotherapeut-blended-care-region-bern/7379111/|Bern|Oviva
ICT-Fachmann 80 - 100% (m/w)|/de/job/ict-fachmann/7378708/|Bern|yellowshark- AG
Marketingkoordinator:in 100%|/de/job/marketingkoordinator/7378673/|Muri b. Bern|DESA AUTOGLASS AG
Quereinsteiger:in Kundenbegleiter:in SBB 08/2022|/de/job/quereinsteiger-kundenbegleiter-sbb-2022/7380980/|Bern|SBB CFF FFS
Automobil-Mechatroniker / Automobil-Fachmann (m/w) 100%|/de/job/automobil-mechatroniker-automobil-fachmann/7380459/|Bern|Adecco
Dipl. Pflegefachfrau / Dipl. Pflegefachmann 70-100%|/de/job/dipl-pflegefachfrau-dipl-pflegefachmann/7246954/|Bern|Careerplus
Dipl. Pflegefachperson HF/FH fuer eine temporaer Anstellung 80-100% / Temporaer|/de/job/dipl-pflegefachperson-f%C3%BCr-eine-tempor%C3%A4r-anstellung-tempor%C3%A4r/7379533/|Bern|CarePeople AG
Metallbauer Kanton Bern (m/w/d)|/de/job/metallbauer-kanton-bern/7379508/|Bern|Work Selection
Dipl. Pflegefachperson HF/FH fuer die Herz- und Gefaesschirurgie 80-100% / Temporaer|/de/job/dipl-pflegefachperson-f%C3%BCr-die-herz-und-gef%C3%A4sschirurgie-tempor%C3%A4r/7379288/|Bern|CarePeople AG
Daten &amp; Applikations Architekt|/de/job/daten-applikations-architekt/7379234/|Bern|Avalect Personaldienstleistungen
Plattenleger 100% (m/w/d), Region Bern und Umgebung|/de/job/plattenleger-region-bern-und-umgebung/7378623/|Bern|dasteam ag
Schreiner / Tischler (100%)|/de/job/schreiner-tischler/7378985/|Burgdorf|Kollabo AG
Betriebsmechaniker (m/w) 100%|/de/job/betriebsmechaniker/7380215/|Region Burgdorf|Randstad (Schweiz) AG
Customer Service/Administration 100 % (m/w/d)|/de/job/customer-service-administration-100/7377836/|Lyss|Urech Lyss Versand AG
Bildungsbeauftragte/r 60-70%|/de/job/bildungsbeauftragte/7381144/|Ostermundigen|tilia Stiftung fuer Langzeitpflege
Junior Consultant 80-100% (a)|/de/job/junior-consultant/7378479/|Bern|ATEC Personal AG
CNC-Mechaniker / Polymechaniker 100% (a)|/de/job/cnc-mechaniker-polymechaniker/7378478/|Bern|ATEC Personal AG
Kaufmann Verkaufsinnendienst 80-100% (a)|/de/job/kaufmann-verkaufsinnendienst/7378469/|Bern|ATEC Personal AG
Junior IT-Consultant 80-100% (a)|/de/job/junior-consultant/7378461/|Bern|ATEC Personal AG
Technischer Sachbearbeiter 100% (a)|/de/job/technischer-sachbearbeiter/7378447/|Bern|ATEC Personal AG
Sachbearbeiter Verkaufsinnendienst 80-100% (a)|/de/job/sachbearbeiter-verkaufsinnendienst/7378446/|Buempliz|ATEC Personal AG
Digital Channel Manager 80-100% (m/w)|/de/job/digital-channel-manager/7377842/|Bern|Randstad (Schweiz) AG
Sachbearbeiter:in Sachversicherungen|/de/job/sachbearbeiter-sachversicherungen/7380895/|Muri b. Bern|Visana Services AG
HR Generalist*in 80 - 100%|/de/job/generalist/7380292/|Kehrsatz|Kilchenmann AG
Information Security Officer &amp; Stv. CISO m/w 80 - 100 %|/de/job/information-security-officer-stv-ciso-100/7379852/|Guemligen|Valiant Bank AG
Koch (d/w/m)|/de/job/koch/7379728/|Guemligen|SV (Schweiz) AG
Automatiker EFZ / Elektroinstallateur EFZ (m/w)|/de/job/automatiker-efz-elektroinstallateur-efz/7377854/|Guemligen|Haco AG
Pflegefachfrau/-mann 60-100%|/de/job/pflegefachfrau-mann/7380624/|Kirchlindach|Tertianum AG
Fachbereichsverantwortliche/n Hochbau (100 %)|/de/job/fachbereichsverantwortliche-hochbau/7380660/|Ittigen|Gemeinde Ittigen
Betriebsmitarbeiter (d/w/m)|/de/job/betriebsmitarbeiter/7380306/|Zollikofen|SV (Schweiz) AG
Elektroingenieur:in Netzbetrieb Bahnstrom|/de/job/elektroingenieur-netzbetrieb-bahnstrom/7379341/|Zollikofen|SBB CFF FFS
Betriebsleiter (w/m)|/de/job/betriebsleiter/7379086/|Zollikofen|Randstad (Schweiz) AG
Controller*in, (m/w/d) 80 - 100 %|/de/job/controller-100/7378812/|Zollikofen|T-Systems Schweiz AG
Sachbearbeiter Kundendienst (m/w) 100%|/de/job/sachbearbeiter-kundendienst/7377877/|Zollikofen|Randstad (Schweiz) AG
Natur- oder Forstwissenschaftler/in Waldbiodiversitaet|/de/job/natur-oder-forstwissenschaftler-waldbiodiversit%C3%A4t/7380813/|Ittigen|Bundesamt fuer Umwelt BAFU
Dachdecker Kanton Bern (m/w/d)|/de/job/dachdecker-kanton-bern/7380376/|Kanton Bern|Work Selection
Betriebselektriker (m/w) in Bern|/de/job/betriebselektriker-bern/7380261/|Bern &amp; Region|Kollabo AG
Customer Service/Administration 100 % (m/w/d)|/de/job/customer-service-administration-100/7377836/|Lyss|Urech Lyss Versand AG
Projektleiter/in F&amp;E (80-100%)|/de/job/projektleiter/7381158/|Schmitten FR|Pontacol AG
VERPFLEGUNGSAUTOMATEN-BETREUER/IN ca. 50% (+Vertretungen)|/de/job/verpflegungsautomaten-betreuer/7380802/|Ittigen|Nurissa SA
Sachbearbeiter/in Raum und Umwelt (60-80%)|/de/job/sachbearbeiter-raum-und-umwelt/7379046/|Ittigen|Cycad AG
Automobilverkaeufer/in|/de/job/automobilverk%C3%A4ufer/7378087/|Hinterkappelen|Automobile Nemeth AG
Incident und Problem Manager/in|/de/job/incident-und-problem-manager/7379927/|Zollikofen|Bundesamt fuer Informatik und Telekommunikation BIT
Gruppenleiter Produktion 100% (a)|/de/job/gruppenleiter-produktion/7378457/|Niederwangen|ATEC Personal AG
Aushilfe Administration (m/w/d)|/de/job/aushilfe-administration/7378384/|Bern|Condecta AG
Assistenz der Geschaeftsleitung (m/w/d) 80-100%|/de/job/assistenz-der-gesch%C3%A4ftsleitung/7245806/|Moosseedorf|Marti AG Bern
SACHBEARBEITER ELEKTROTECHNIK 80-100% M/W|/de/job/sachbearbeiter-elektrotechnik/7378368/|Moosseedorf|Marti Technik AG
Montage Mitarbeiter (m/w/d)|/de/job/montage-mitarbeiter/7379571/|Oberwangen|Randstad (Schweiz) AG
Sachbearbeiter m/w 100%|/de/job/sachbearbeiter/7377839/|Bern (Belp)|Randstad (Schweiz) AG
Junior Category Managerin/ Manager Getraenke|/de/job/junior-category-managerin-manager-getr%C3%A4nke/7379904/|Moosseedorf|Transgourmet Schweiz AG
Category Managerin / Manager Wein|/de/job/category-managerin-manager-wein/7379902/|Moosseedorf|Transgourmet Schweiz AG
Sachbearbeiterin Kundendienst 100% (a)|/de/job/sachbearbeiterin-kundendienst/7378452/|Thoerishaus|ATEC Personal AG
Mitarbeiter*in Instandhaltung Logistikanlagen|/de/job/mitarbeiter-instandhaltung-logistikanlagen/7083185/|Schoenbuehl Einkaufszentrum|Genossenschaft Migros Aare
Kundenberater (w/m/d)|/de/job/kundenberater/7380856/|Worb|Raiffeisenbank Worblen-Emmental
Dipl. Pflegefachfrau/-mann als Nachtwache 20%|/de/job/dipl-pflegefachfrau-mann-als-nachtwache/7380295/|Schoenbuehl-Urtenen|Domicil Bern AG
Geschaeftsfuehrer Treuhand (m/w)|/de/job/gesch%C3%A4ftsf%C3%BChrer-treuhand/7378725/|Jegenstorf|KMU Partner Group AG
Test Manager (w/m/d)|/de/job/test-manager/7250024/|Neuenegg|Wander AG Schweiz
Mitarbeiter Prototypenbau / Prozessspezialist (m/w) 100%|/de/job/mitarbeiter-prototypenbau-prozessspezialist/7378198/|Neuenegg|Stoppani Metal Systems AG
Servicemitarbeiter (d/w/m)|/de/job/servicemitarbeiter/7380208/|Region Bern|SV (Schweiz) AG
Zimmermann (m/w) 100% temporaer|/de/job/zimmermann-tempor%C3%A4r/7379407/|Region Bern / Berner Oberland|Joker Personal AG
Customer Service/Administration 100 % (m/w/d)|/de/job/customer-service-administration-100/7377836/|Lyss|Urech Lyss Versand AG
MitarbeiterIn Customer Service / Export (80-100%)|/de/job/mitarbeiter-customer-service-export/7381141/|Schmitten FR|Pontacol AG
CNC-Operateur (m/w) Stanzen/Laser (100%)|/de/job/cnc-operateur-stanzen-laser/7378197/|Neuenegg|Stoppani Metal Systems AG
Supply Chain Manager (m/w)|/de/job/supply-chain-manager/7378196/|Neuenegg|Stoppani Metal Systems AG
Sachbearbeiterin / Sachbearbeiter After Sales Services 60-100%|/de/job/sachbearbeiterin-sachbearbeiter-after-sales-services/7378605/|Jegenstorf|Interdiscount
KUNDENDIENST MITARBEITER (M/W/D) (Teilzeit 50%, ab 2.8.2022)|/de/job/kundendienst-mitarbeiter/7378704/|Muensingen|Sunrise Medical AG
Expert/-in Klinikinformationssystem 90-100%|/de/job/expert-klinikinformationssystem/7380677/|Muensingen|PZM Psychiatriezentrum Muensingen AG
Leiter/-in Patientenanmeldung / Triage, Dipl. Pflegefachperson HF/FH 80%|/de/job/leiter-patientenanmeldung-triage-dipl-pflegefachperson/7380676/|Muensingen|PZM Psychiatriezentrum Muensingen AG
LKW Chauffeur/Chauffeuse CE Teilzeit/Ferienabloesung|/de/job/lkw-chauffeur-chauffeuse-teilzeit-ferienabl%C3%B6sung/7378429/|Neuenegg|KOMPOMO GmbH
Rezeptionist (d/w/m) 100% Hotel Schloss Gerzensee|/de/job/rezeptionist-hotel-schloss-gerzensee/7380707/|Gerzensee|SV (Schweiz) AG
Mitarbeiter Verpackung (w/m/d) 100%|/de/job/mitarbeiter-verpackung/7380622/|Konolfingen|Randstad (Schweiz) AG
Sachbearbeiter (m/w) 100%|/de/job/sachbearbeiter/7377837/|Konolfingen|Randstad (Schweiz) AG
Sachbearbeiter*in technischer Kundendienst 80% bis 100%|/de/job/sachbearbeiter-technischer-kundendienst-bis/7380941/|Schwarzenburg|Gilgen Door Systems AG
Technische*r Produktmanager*in Tuer- und Sicherheitssysteme|/de/job/technische-produktmanager-t%C3%BCr-und-sicherheitssysteme/7380940/|Schwarzenburg|Gilgen Door Systems AG
Koordinator*in Sales Support International|/de/job/koordinator-sales-support-international/7380939/|Schwarzenburg|Gilgen Door Systems AG
Fertigungssteuerer*in, Disponent*in|/de/job/fertigungssteuerer-disponent/7378118/|Schwarzenburg|Gilgen Door Systems AG
Personalverantwortliche*r 80-100%|/de/job/personalverantwortliche/7381179/|Aarberg|Impirio AG Medical
Region Schwarzenburg: FAGE 60-100%|/de/job/region-schwarzenburg-fage/7380922/|Schwarzenburg|Impirio AG Medical
Instandhalter Mechanik (w/m/divers)|/de/job/instandhalter-mechanik/7378866/|Konolfingen|NESTLE
Projektleiter/in F&amp;E (80-100%)|/de/job/projektleiter/7381158/|Schmitten FR|Pontacol AG
Mitarbeiterin Back Office 50-80% (m/w)|/de/job/mitarbeiterin-back-office/7381189/|Lyss|Randstad (Schweiz) AG
Chef de Service / Shiftleader (d/w/m)|/de/job/chef-service-shiftleader/7379385/|Region Bern|SV (Schweiz) AG
Techniker (d/w/m)|/de/job/techniker/7379359/|Region Bern|SV (Schweiz) AG
Customer Service/Administration 100 % (m/w/d)|/de/job/customer-service-administration-100/7377836/|Lyss|Urech Lyss Versand AG
Mitarbeiterin Back Office 50-80% (m/w)|/de/job/mitarbeiterin-back-office/7381189/|Lyss|Randstad (Schweiz) AG
Betriebsmitarbeiter Leistungszentrum Pflanzenbau - Saatgut m/w/d|/de/job/betriebsmitarbeiter-leistungszentrum-pflanzenbau-saatgut/7380830/|Lyssach|UFA Samen
Anlagenfuehrer Produktion (w/m/d) 100%|/de/job/anlagenf%C3%BChrer-produktion/7380629/|Konolfingen|Randstad (Schweiz) AG
Lastwagenmechatroniker*in / Lastwagenmechaniker*in|/de/job/lastwagenmechatroniker-lastwagenmechaniker/7378161/|Lyss|Genossenschaft Migros Aare
Senior Product Manager (m/w/d)|/de/job/senior-product-manager/7381194/|Burgdorf|Work Selection
Dachdecker (100%)|/de/job/dachdecker/7381004/|Burgdorf|Kollabo AG
Gesucht: Elektroinstallateur in Burgdorf|/de/job/gesucht-elektroinstallateur-burgdorf/7380964/|Burgdorf|Kollabo AG
Produktionsmitarbeiter (w/m) 100% im 3-Schicht|/de/job/produktionsmitarbeiter-schicht/7380699/|Burgdorf|Randstad (Schweiz) AG
Chauffeur C (m/w) 100%|/de/job/chauffeur/7380700/|Burgdorf|Randstad (Schweiz) AG
Mechaniker Montage (w/m) 100%|/de/job/mechaniker-montage/7380697/|Burgdorf|Randstad (Schweiz) AG
Mechaniker Montage (w/m) 100%|/de/job/mechaniker-montage/7380628/|Burgdorf|Randstad (Schweiz) AG
Anlagen- und Apparatebauer (w/m) 100%|/de/job/anlagen-und-apparatebauer/7380224/|Burgdorf|Randstad (Schweiz) AG
Konstrukteur (m/w) 100%|/de/job/konstrukteur/7379786/|Burgdorf|Randstad (Schweiz) AG
Sachbearbeiter Export (m/w) 100%|/de/job/sachbearbeiter-export/7379783/|Burgdorf|Randstad (Schweiz) AG
Stv. Montageleiter (w/m) 100%|/de/job/stv-montageleiter/7379780/|Burgdorf|Randstad (Schweiz) AG
Polymechaniker Fertigung (w/m)|/de/job/polymechaniker-fertigung/7379778/|Burgdorf|Randstad (Schweiz) AG
Gebaeudetechnikplaner (w/m) 100%|/de/job/geb%C3%A4udetechnikplaner/7379568/|Burgdorf|Randstad (Schweiz) AG
CNC- Mechaniker|/de/job/cnc-mechaniker/7379060/|Burgdorf|Randstad (Schweiz) AG
Schreiner / Tischler (100%)|/de/job/schreiner-tischler/7378985/|Burgdorf|Kollabo AG
Fertigungsplaner Werkzeugbau (m/w/d)|/de/job/fertigungsplaner-werkzeugbau/7378335/|Burgdorf|Work Selection
Facharbeiter Produktion Beton|/de/job/facharbeiter-produktion-beton/7380944/|Hasle-Rueegsau|Fr. Blaser AG
Fachingenieur:in Betriebsmittelkonstruktion|/de/job/fachingenieur-betriebsmittelkonstruktion/7379351/|Region Bern Mittelland (BE/SO/AG)|SBB CFF FFS
Microsoft Dynamics 365 BC Developer - Bern|/de/job/microsoft-dynamics-365-developer-bern/7378893/|Region Bern (BE/FR/SO)|jobs-ms.ch
Customer Service/Administration 100 % (m/w/d)|/de/job/customer-service-administration-100/7377836/|Lyss|Urech Lyss Versand AG
Senior Product Manager (m/w/d)|/de/job/senior-product-manager/7381194/|Burgdorf|Work Selection
Logistiker EFZ ( w/m) 100%|/de/job/logistiker-efz/7380701/|Region Burgdorf|Randstad (Schweiz) AG
Automatiker EFZ (m/w) 100%|/de/job/automatiker-efz/7380228/|Region Burgdorf|Randstad (Schweiz) AG
Polymechaniker Montage (w/m) 100%|/de/job/polymechaniker-montage/7380226/|Region Burgdorf|Randstad (Schweiz) AG
Betriebsmechaniker (m/w) 100%|/de/job/betriebsmechaniker/7380215/|Region Burgdorf|Randstad (Schweiz) AG
Schreiner Montage|/de/job/schreiner-montage/7379781/|Grossraum Burgdorf|Randstad (Schweiz) AG
Abkanter CNC (m/w/d)|/de/job/abkanter-cnc/7380223/|Burgdorf|Randstad (Schweiz) AG
Mitarbeiter*in Wohnungsvermittlung 80%|/de/job/mitarbeiter-wohnungsvermittlung/7379575/|Burgdorf|ORS Service AG
Laboratory Technician|/de/job/laboratory-technician/7379469/|Burgdorf|Ypsomed AG
Servicetechnikerin / Servicetechniker|/de/job/servicetechnikerin-servicetechniker/7380618/|Burgdorf|Careerplus
Anlagefuehrer / Baecker (m/w) 100%|/de/job/anlagef%C3%BChrer-b%C3%A4cker/7380233/|Region Burgdorf|Randstad (Schweiz) AG
Servicetechniker (m/w) 100%|/de/job/servicetechniker/7380227/|Grossraum Burgdorf|Randstad (Schweiz) AG
Maler EFZ (w/m) 100%|/de/job/maler-efz/7379567/|Grossraum Burgdorf|Randstad (Schweiz) AG
Fachfrau / Fachmann Gesundheit 70-100% - fuer Lehrabgaenger geeignet|/de/job/fachfrau-fachmann-gesundheit-f%C3%BCr-lehrabg%C3%A4nger-geeignet/7379535/|Burgdorf|Careerplus
Promoter/in (Berater/in)|/de/job/promoter/113455893/|3048 Ittigen|Coople (Schweiz) AG
Community Sales Manager|/de/job/community-sales-manager/113455863/|Bern On-site|Regus Holding GmbH
Information Admin for Regulatory Affairs - Career Start|/de/job/information-admin-for-regulatory-affairs-career-start/113455860/|CH - - Switzerland, CH - Switzerland - Bern - Bern|NonStop Consulting AG
Koch/Koechin - Hotel Innere Enge|/de/job/koch-k%C3%B6chin-hotel-innere-enge/113455795/|Bern|Gastro A. Walser GmbH
Tandoori Chef M/W - Namaste India GmbH|/de/job/tandoori-chef-namaste-india-gmbh/113455768/|Bern|Gastro A. Walser GmbH
Service-Aushilfe M/W - Namaste India GmbH|/de/job/service-aushilfe-namaste-india-gmbh/113455767/|Bern|Gastro A. Walser GmbH
Praktikum fuer Anwaltskandidatinnen und -kandidaten (80-100 %)|/de/job/praktikum-f%C3%BCr-anwaltskandidatinnen-und-kandidaten/113455736/|Bern|Kanton Bern
Crew Member (d/w/m)|/de/job/crew-member/7379388/|Bern|SV (Schweiz) AG
Senior SAP Process-Engineer mit Schwerpunkt Controlling (m/w)|/de/job/senior-sap-process-engineer-mit-schwerpunkt-controlling/7378214/|Bern 65 SBB|SBB CFF FFS
Customer Service/Administration 100 % (m/w/d)|/de/job/customer-service-administration-100/7377836/|Lyss|Urech Lyss Versand AG
Mitarbeiter/-in Buswartung|/de/job/mitarbeiter-buswartung/7381142/|Bern|BERNMOBIL
Schulleiter*in 30% - 35%|/de/job/schulleiter/113455731/|Bern|Stadt Bern
MiterzieherIn Belp, Deisswil und Uettligen (80% - 100%)|/de/job/miterzieher-belp-deisswil-und-uettligen/113455713/|Wohlen b. Bern|Kita Bim Bam Bini GmbH
Biomedizinische/n Analytiker/-in|/de/job/biomedizinische-analytiker/113455682/|Bern|smartstaff ag
Betriebsmitarbeiter Office (m/w/d) 100% Bern BE|/de/job/betriebsmitarbeiter-office-bern/113455647/|Bern|Compass Group (Suisse) S.A.
Betriebsmitarbeiter Front (m/w/d) 80-100% Bern BE|/de/job/betriebsmitarbeiter-front-bern/113455646/|Bern|Compass Group (Suisse) S.A.
Sushi-Koch (a) 60-100%|/de/job/sushi-koch/113455633/|Bern|Familie Wiesner Gastronomie AG
digital channel manager 80-100% (m/w)|/de/job/digital-channel-manager/113455611/|Bern|Randstad (Switzerland) Ltd.
sachbearbeiter innendienst (m/w) 100%|/de/job/sachbearbeiter-innendienst/113455610/|Bern|Randstad (Switzerland) Ltd.
Social Media Manager/in (50-80%)|/de/job/social-media-manager/113455601/|Bern|medienjobs
polymechaniker fertigung (w/m)|/de/job/polymechaniker-fertigung/113455598/|Bern|Randstad (Switzerland) Ltd.
sachbearbeiter kundendienst (m/w) 100%|/de/job/sachbearbeiter-kundendienst/113455588/|Bern|Randstad (Switzerland) Ltd.
anlagefuehrer / baecker (m/w) 100%|/de/job/anlagef%C3%BChrer-b%C3%A4cker/113455587/|Burgdorf|Randstad (Switzerland) Ltd.
Kuechenchef M/F|/de/job/k%C3%BCchenchef/113455583/|Bern|Gastronet.ch
Stv. Chef de R-ception (w/m)|/de/job/stv-chef-r%C3%A9ception/113455581/|Bern|Active
Oberarzt/-aerztin 60-100% (Anaesthesiologie)|/de/job/oberarzt-%C3%A4rztin/113455560/|Bern|fmhjob
buchhalter (m/w) 70%|/de/job/buchhalter/113455541/|Bern|Randstad (Switzerland) Ltd.
servicetechniker (m/w) 100%|/de/job/servicetechniker/113455521/|Bern|Randstad (Switzerland) Ltd.
sachbearbeiter rechnungswesen (m/w) 100%|/de/job/sachbearbeiter-rechnungswesen/113455485/|Bern|Randstad (Switzerland) Ltd.
Communications Manager 80-100%|/de/job/communications-manager/113455479/|Bern|medienjobs
sachbearbeiter m/w 100%|/de/job/sachbearbeiter/113455474/|Bern|Randstad (Switzerland) Ltd.
Schreiner (m/w) in Koeniz|/de/job/schreiner-k%C3%B6niz/7379148/|Koeniz|Kollabo AG
Automation Engineer Projects support|/de/job/automation-engineer-projects-support/7380433/|Bern|Randstad (Schweiz) AG
Customer Service/Administration 100 % (m/w/d)|/de/job/customer-service-administration-100/7377836/|Lyss|Urech Lyss Versand AG
Bildungsbeauftragte/r 60-70%|/de/job/bildungsbeauftragte/7381144/|Ostermundigen|tilia Stiftung fuer Langzeitpflege
stv. montageleiter (w/m) 100%|/de/job/stv-montageleiter/113455459/|Bern|Randstad (Switzerland) Ltd.
Sales Support 100% (a)|/de/job/sales-support/113455458/|Bern|medienjobs
Polygraf*in Medienvorstufe 80-100%|/de/job/polygraf-medienvorstufe/113455454/|Bern|medienjobs
dipl. Sozialarbeiter*in                     80%|/de/job/dipl-sozialarbeiter/113455450/|Bern|Amt fuer Erwachsenen- und Kindesschutz Stadt Bern
Servicemitarbeiter*in im le beizli|/de/job/servicemitarbeiter-beizli/113455445/|Liebefeld|le
Fachfrau/-mann Hauswirtschaft EFZ 60-80%|/de/job/fachfrau-mann-hauswirtschaft-efz/113455433/|Bern|Domicil
Produzent/Videojournalist TeleBaern 80-100% (a)|/de/job/produzent-videojournalist-teleb%C3%A4rn/113455426/|Bern|medienjobs
gebaeudetechnikplaner (w/m) 100%|/de/job/geb%C3%A4udetechnikplaner/113455422/|Bern|Randstad (Switzerland) Ltd.
Co-Leitung Kuechenchef (a)|/de/job/leitung-k%C3%BCchenchef/113455420/|Bern|Universitaere
elektroinstallateur efz|/de/job/elektroinstallateur-efz/113455405/|Bern|Randstad (Switzerland) Ltd.
Sous-chef M/F|/de/job/sous-chef/113455400/|Bern|Gastronet.ch
lackierer (m/w) 100%|/de/job/lackierer/113455398/|Bern|Randstad (Switzerland) Ltd.
Fachfrau/-mann Hauswirtschaft EFZ 60-80%|/de/job/fachfrau-mann-hauswirtschaft-efz/113455388/|Bern|Domicil
Interactive Media Designer / Multimedia Producer (80-100%)|/de/job/interactive-media-designer-multimedia-producer/113455373/|Zollikofen|medienjobs
abkanter cnc (m/w/d)|/de/job/abkanter-cnc/113455371/|Bern|Randstad (Switzerland) Ltd.
Hochschulpraktikant / Hochschulpraktikanten|/de/job/hochschulpraktikant-hochschulpraktikanten/113455368/|Bern|Staatssekretariat fuer Wirtschaft SECO
Sozialpaedagogik Edelstein                     80%|/de/job/sozialp%C3%A4dagogik-edelstein/113455357/|Burgdorf|Stiftung Lerchenbuehl
Koch (m/w) Sous Chef mit Berufserfahrung per sofort oder nach UEbereinkunft|/de/job/koch-sous-chef-mit-berufserfahrung-per-sofort-oder-nach-%C3%BCbereinkunft/113455336/|Bern|hoteljob
mitarbeiter lebensmittelproduktion (m/w/d)|/de/job/mitarbeiter-lebensmittelproduktion/113455332/|Bern|Randstad (Switzerland) Ltd.
automatiker efz (m/w) 100%|/de/job/automatiker-efz/113455314/|Bern|Randstad (Switzerland) Ltd.
Store Manager, Luxusuhren &amp; Schmuck|/de/job/store-manager-luxusuhren-schmuck/7380371/|Bern|Retail Experts
Business Engineer (m/w)|/de/job/business-engineer/7378218/|Bern|SBB CFF FFS
Customer Service/Administration 100 % (m/w/d)|/de/job/customer-service-administration-100/7377836/|Lyss|Urech Lyss Versand AG
Projektleiter/in F&amp;E (80-100%)|/de/job/projektleiter/7381158/|Schmitten FR|Pontacol AG
Chef/in Social Media Verteidigung|/de/job/chef-social-media-verteidigung/113455312/|Bern|medienjobs
customer care agent 80-100% (m/w)|/de/job/customer-care-agent/113455304/|Bern|Randstad (Switzerland) Ltd.
metallbaukonstrukteur / projektleiter fensterbau (m/w) 100%|/de/job/metallbaukonstrukteur-projektleiter-fensterbau/113455295/|Bern|Randstad (Switzerland) Ltd.
Spezialistin/Spezialisten Marketing 80-100%|/de/job/spezialistin-spezialisten-marketing/113455268/|Bern|medienjobs
betriebsleiter (w/m)|/de/job/betriebsleiter/113455261/|Bern|Randstad (Switzerland) Ltd.
Hilfskoch / Pizzeria|/de/job/hilfskoch-pizzeria/113455251/|Ostermundigen|Restaurant
montage mitarbeiter (m/w/d)|/de/job/montage-mitarbeiter/113455184/|Bern|Randstad (Switzerland) Ltd.
du bist kaufmaennischer lehrabgaenger &amp; suchst einen job? bewerbe dich!|/de/job/bist-kaufm%C3%A4nnischer-lehrabg%C3%A4nger-suchst-einen-job-bewerbe-dich/113455163/|Bern|Randstad (Switzerland) Ltd.
sachbearbeiter export (m/w) 100%|/de/job/sachbearbeiter-export/113455152/|Bern|Randstad (Switzerland) Ltd.
Koch/Koechin EFZ als Stv. Leitung Verpflegung|/de/job/koch-k%C3%B6chin-efz-als-stv-leitung-verpflegung/113455144/|Lyss|Altersheim
praktikant hr (w/m) 100%|/de/job/praktikant/113455078/|Bern|Randstad (Switzerland) Ltd.
Leiter/in Gruppe Sozialarbeit                     80% - 100%|/de/job/leiter-gruppe-sozialarbeit/113455071/|Koeniz|Gemeinde Koeniz
maler efz (w/m) 100%|/de/job/maler-efz/113455070/|Bern|Randstad (Switzerland) Ltd.
Content &amp; Communications Manager 100% (w/m/d)|/de/job/content-communications-manager/113455047/|Bern|medienjobs
Frontend Developer Angular (w/m) 80-100%|/de/job/frontend-developer-angular/113455039/|Bern|medienjobs
Redaktor 40-80% (a)|/de/job/redaktor/113455034/|Bern|medienjobs
Alleinkoch 100%|/de/job/alleinkoch/113455025/|Schwarzenburg|Hotel
Technischer Produzent 80-100% (a)|/de/job/technischer-produzent/113455015/|Bern|medienjobs
Koch/Kuechenchef|/de/job/koch-k%C3%BCchenchef/113454993/|Bern|gastro-express
Community Manager 30-40%|/de/job/community-manager/113454980/|Bern|medienjobs
Elektroinstallateur, Automatiker, Automatikmonteur (m/w/d)|/de/job/elektroinstallateur-automatiker-automatikmonteur/7378210/|Bern|Kollabo AG
Elektroingenieur:in Netzbetrieb Bahnstrom|/de/job/elektroingenieur-netzbetrieb-bahnstrom/7379341/|Zollikofen|SBB CFF FFS
Customer Service/Administration 100 % (m/w/d)|/de/job/customer-service-administration-100/7377836/|Lyss|Urech Lyss Versand AG
MitarbeiterIn Customer Service / Export (80-100%)|/de/job/mitarbeiter-customer-service-export/7381141/|Schmitten FR|Pontacol AG
Servicemitarbeiter/in (w/m) per 15. August 2022 (oder UEbereinkunft)|/de/job/servicemitarbeiter-per-august-2022/113454968/|Bern|hoteljob
leitender monteur, fenster- und metallbau 100% (m/w)|/de/job/leitender-monteur-fenster-und-metallbau/113454963/|Bern|Randstad (Switzerland) Ltd.
kundenberater (m/w) 80-100%|/de/job/kundenberater/113454960/|Bern|Randstad (Switzerland) Ltd.
Chef*fe de Partie 100%|/de/job/chef-partie/113454935/|Bern|Restaurant
Koch/Koechin EFZ - Vapiano Bern|/de/job/koch-k%C3%B6chin-efz-vapiano-bern/113454901/|Bern|VAP
konstrukteur (m/w) 100%|/de/job/konstrukteur/113454876/|Bern|Randstad (Switzerland) Ltd.
sachbearbeiter (m/w) 100%|/de/job/sachbearbeiter/113454846/|Bern|Randstad (Switzerland) Ltd.
Chef de partie M/F|/de/job/chef-partie/113454823/|Bern|Gastronet.ch
Restaurantfachfrau 80-100%|/de/job/restaurantfachfrau/113454806/|Ittigen|Restaurant
Polygraf*in / Layouter*in|/de/job/polygraf-layouter/113454797/|Belp|medienjobs
polymechaniker montage (w/m) 100%|/de/job/polymechaniker-montage/113454790/|Bern|Randstad (Switzerland) Ltd.
Texter:in/Contentspezialist:in (80-100%)|/de/job/texter-contentspezialist/113454782/|Bern|medienjobs
Fachspezialist/in Rueckerstattung Verrechnungssteuer|/de/job/fachspezialist-r%C3%BCckerstattung-verrechnungssteuer/113454764/|Bern|Eidgenoessische Steuerverwaltung ESTV
Kuechenchef M/F|/de/job/k%C3%BCchenchef/113454754/|Bern|Gastronet.ch
Servicefachperson M/F|/de/job/servicefachperson/113454745/|Bern|Gastronet.ch
PR-Fachperson &amp; Management-Assistent/In (60-80%)|/de/job/fachperson-management-assistent/113454734/|Bern|medienjobs
anlagen- und apparatebauer (w/m) 100%|/de/job/anlagen-und-apparatebauer/113454696/|Bern|Randstad (Switzerland) Ltd.
schreiner montage|/de/job/schreiner-montage/113454674/|Bern|Randstad (Switzerland) Ltd.
Wok-Koch (m/w) 80-100%|/de/job/wok-koch/113454661/|Bern|Nooch
heizungsmonteur (w/m) 100%|/de/job/heizungsmonteur/113454641/|Bern|Randstad (Switzerland) Ltd.
Mitarbeiterin Back Office 50-80% (m/w)|/de/job/mitarbeiterin-back-office/7381189/|Lyss|Randstad (Schweiz) AG
Senior Product Manager (m/w/d)|/de/job/senior-product-manager/7381194/|Burgdorf|Work Selection
Customer Service/Administration 100 % (m/w/d)|/de/job/customer-service-administration-100/7377836/|Lyss|Urech Lyss Versand AG
Mitarbeiterin Back Office 50-80% (m/w)|/de/job/mitarbeiterin-back-office/7381189/|Lyss|Randstad (Schweiz) AG
Social Media Manager 80%|/de/job/social-media-manager/113454639/|Bern|medienjobs
Sozialarbeiter/-in                     60% - 100%|/de/job/sozialarbeiter/113454621/|Lyss|Sozialdienste Lyss
Service, Restauration|/de/job/service-restauration/113454616/|Schwarzenburg|Restaurant
cnc- mechaniker|/de/job/cnc-mechaniker/113454611/|Bern|Randstad (Switzerland) Ltd.
wissenschaftlicher mitarbeiter 60% (m/w)|/de/job/wissenschaftlicher-mitarbeiter/113454579/|Bern|Randstad (Switzerland) Ltd.
Fachperson Public Relations (80-100%)|/de/job/fachperson-public-relations/113454563/|Bern|medienjobs
Spezialist:in Social Media Management &amp; SEO|/de/job/spezialist-social-media-management-seo/113454560/|Belp|medienjobs
Produktionskoch M/F|/de/job/produktionskoch/113454553/|Muensingen|Gastronet.ch
Kuechenchef (m/w) 100%|/de/job/k%C3%BCchenchef/113454541/|Bern|Tres
betriebsmechaniker (m/w) 100%|/de/job/betriebsmechaniker/113454517/|Bern|Randstad (Switzerland) Ltd.
Projektleiter / Projektleiterin Marketingkommunikation|/de/job/projektleiter-projektleiterin-marketingkommunikation/113454510/|Moosseedorf|medienjobs
Dipl. Pflegefachfrau oder Dipl. Sozialpaedagogin (a)                     80% - 100%|/de/job/dipl-pflegefachfrau-oder-dipl-sozialp%C3%A4dagogin/113454508/|Moosseedorf|Universitaetsklinik fuer Kinder- und Jugendpsychiatrie und Psychotherapie, Therapiezentrum Essstoerunge
Koch, Tagesstelle 100% (w/m/d) Bern|/de/job/koch-tagesstelle-bern/113454505/|Bern|Insearch.Swiss
Verantwortliche*n Kommunikation und OEffentlichkeitsarbeit (80%)|/de/job/verantwortliche-kommunikation-und-%C3%B6ffentlichkeitsarbeit/113454496/|Bern|medienjobs
Natur- oder Forstwissenschaftler/in Waldbiodiversitaet|/de/job/natur-oder-forstwissenschaftler-waldbiodiversit%C3%A4t/113454495/|Ittigen|Bundesamt fuer Umwelt BAFU
Medientechnolog*in im Digidruck (100 %)|/de/job/medientechnolog-digidruck/113454468/|Belp|medienjobs
sachbearbeiter export 100% (m/w)|/de/job/sachbearbeiter-export/113454464/|Bern|Randstad (Switzerland) Ltd.
Dachdecker (100%)|/de/job/dachdecker/7381004/|Burgdorf|Kollabo AG
Gesucht: Elektroinstallateur in Burgdorf|/de/job/gesucht-elektroinstallateur-burgdorf/7380964/|Burgdorf|Kollabo AG
